Sy,Oumar,Gynecologie,1
Sy,Mamadou,Medecine generale,2
Sy,Abdoulaye,Medecine generale,3
Fall,Mamadou,Dermatologie,4
Kane,Cheikh,Pediatrie,5
Diallo,Khady,Gynecologie,6
Faye,Mariama,Gynecologie,7
Fall,Ousmane,Pediatrie,8
Sarr,Ousmane,Chirurgie,9
Diop,Abdoulaye,Cardiologie,10
Diop,Ousmane,Pediatrie,11
Fall,Khady,Cardiologie,12
Faye,Cheikh,Medecine generale,13
Gueye,Oumar,Gynecologie,14
Diallo,Fatou,Cardiologie,15
Ba,Khady,Dermatologie,16
Ba,Oumar,Chirurgie,17
Gueye,Khady,Dermatologie,18
Fall,Fatou,Medecine generale,19
Ba,Moussa,Pediatrie,20
Sarr,Awa,Pediatrie,21
Diallo,Aminata,Gynecologie,22
Ba,Khady,Gynecologie,23
Diop,Moussa,Dermatologie,24
Diop,Moussa,Chirurgie,25
Diop,Ousmane,Cardiologie,26
Ndiaye,Awa,Medecine generale,27
Fall,Ousmane,Cardiologie,28
Ndiaye,Fatou,Cardiologie,29
Diop,Moussa,Gynecologie,30
Fall,Ibrahima,Chirurgie,31
Sy,Aminata,Dermatologie,32
Diallo,Mariama,Chirurgie,33
Ba,Khady,Medecine generale,34
Gueye,Khady,Cardiologie,35
Diallo,Khady,Gynecologie,36
Diallo,Fatou,Chirurgie,37
Faye,Ousmane,Chirurgie,38
Ba,Mariama,Pediatrie,39
Fall,Oumar,Gynecologie,40
Ba,Oumar,Cardiologie,41
Sarr,Awa,Chirurgie,42
Diop,Awa,Medecine generale,43
Ndiaye,Fatou,Gynecologie,44
Ndiaye,Mamadou,Dermatologie,45
Fall,Awa,Cardiologie,46
Sarr,Fatou,Gynecologie,47
Sow,Fatou,Chirurgie,48
Sow,Abdoulaye,Medecine generale,49
Kane,Ibrahima,Cardiologie,50
Gueye,Abdoulaye,Pediatrie,51
Ndiaye,Moussa,Chirurgie,52
Fall,Khady,Cardiologie,53
Ndiaye,Moussa,Cardiologie,54
Kane,Mariama,Pediatrie,55
Ba,Khady,Chirurgie,56
Diallo,Cheikh,Pediatrie,57
Diop,Cheikh,Chirurgie,58
Ndiaye,Abdoulaye,Gynecologie,59
Sarr,Mariama,Pediatrie,60
Ba,Mamadou,Medecine generale,61
Ba,Khady,Medecine generale,62
Gueye,Abdoulaye,Pediatrie,63
Sow,Ousmane,Chirurgie,64
Sarr,Mamadou,Chirurgie,65
Diallo,Ousmane,Medecine generale,66
Sow,Fatou,Pediatrie,67
Ba,Cheikh,Pediatrie,68
Diallo,Ousmane,Medecine generale,69
Sy,Mariama,Cardiologie,70
Ba,Khady,Chirurgie,71
Sow,Oumar,Cardiologie,72
Ndiaye,Mariama,Cardiologie,73
Sy,Oumar,Gynecologie,74
Fall,Aminata,Medecine generale,75
Sy,Awa,Medecine generale,76
Sarr,Ibrahima,Chirurgie,77
Diop,Mariama,Gynecologie,78
Fall,Aminata,Pediatrie,79
Kane,Oumar,Chirurgie,80
Faye,Aminata,Cardiologie,81
Diop,Khady,Pediatrie,82
Sy,Ibrahima,Pediatrie,83
Diallo,Cheikh,Cardiologie,84
Kane,Oumar,Medecine generale,85
Gueye,Mariama,Dermatologie,86
Ndiaye,Ousmane,Chirurgie,87
Sow,Fatou,Dermatologie,88
Faye,Cheikh,Dermatologie,89
Ba,Mariama,Medecine generale,90
Faye,Ousmane,Medecine generale,91
Ba,Mamadou,Medecine generale,92
Sarr,Ibrahima,Cardiologie,93
Ba,Mamadou,Medecine generale,94
Sy,Khady,Pediatrie,95
Sow,Mariama,Pediatrie,96
Sy,Khady,Medecine generale,97
Sy,Aminata,Chirurgie,98
Ndiaye,Khady,Chirurgie,99
Sarr,Fatou,Pediatrie,100
Fall,Abdoulaye,Medecine generale,101
Faye,Aminata,Dermatologie,102
Sarr,Cheikh,Chirurgie,103
Kane,Aminata,Medecine generale,104
Ndiaye,Mariama,Cardiologie,105
Fall,Mamadou,Medecine generale,106
Ndiaye,Oumar,Pediatrie,107
Diallo,Khady,Medecine generale,108
Diallo,Mariama,Cardiologie,109
Ndiaye,Aminata,Chirurgie,110
Fall,Awa,Medecine generale,111
Fall,Awa,Pediatrie,112
Diop,Ibrahima,Chirurgie,113
Ba,Khady,Pediatrie,114
Sarr,Cheikh,Gynecologie,115
Kane,Awa,Pediatrie,116
Fall,Khady,Chirurgie,117
Faye,Abdoulaye,Pediatrie,118
Sy,Awa,Medecine generale,119
Ndiaye,Cheikh,Cardiologie,120
Sow,Cheikh,Medecine generale,121
Fall,Aminata,Cardiologie,122
Diop,Mariama,Chirurgie,123
Sarr,Fatou,Pediatrie,124
Faye,Fatou,Dermatologie,125
Sy,Fatou,Gynecologie,126
Ndiaye,Oumar,Chirurgie,127
Sarr,Fatou,Dermatologie,128
Gueye,Khady,Gynecologie,129
Faye,Oumar,Dermatologie,130
Kane,Ousmane,Cardiologie,131
Diallo,Khady,Gynecologie,132
Fall,Ousmane,Chirurgie,133
Kane,Fatou,Chirurgie,134
Kane,Awa,Chirurgie,135
Sow,Fatou,Medecine generale,136
Sy,Ibrahima,Medecine generale,137
Fall,Mariama,Cardiologie,138
Diallo,Mamadou,Chirurgie,139
Faye,Oumar,Dermatologie,140
Diallo,Moussa,Medecine generale,141
Sy,Fatou,Chirurgie,142
Diop,Awa,Gynecologie,143
Diop,Oumar,Chirurgie,144
Ba,Ibrahima,Gynecologie,145
Kane,Cheikh,Gynecologie,146
Sow,Awa,Dermatologie,147
Sarr,Aminata,Cardiologie,148
Fall,Abdoulaye,Cardiologie,149
Ndiaye,Cheikh,Medecine generale,150
Sow,Mamadou,Medecine generale,151
Diallo,Abdoulaye,Cardiologie,152
Ba,Moussa,Cardiologie,153
Diallo,Moussa,Cardiologie,154
Sow,Cheikh,Gynecologie,155
Sow,Awa,Medecine generale,156
Diallo,Abdoulaye,Chirurgie,157
Gueye,Abdoulaye,Pediatrie,158
Sow,Oumar,Cardiologie,159
Diallo,Awa,Medecine generale,160
Fall,Khady,Dermatologie,161
Sy,Oumar,Gynecologie,162
Kane,Awa,Medecine generale,163
Sow,Ousmane,Medecine generale,164
Sy,Abdoulaye,Medecine generale,165
Gueye,Aminata,Chirurgie,166
Faye,Mamadou,Medecine generale,167
Diallo,Moussa,Pediatrie,168
Ba,Abdoulaye,Cardiologie,169
Ba,Fatou,Chirurgie,170
Diallo,Fatou,Gynecologie,171
Diop,Cheikh,Chirurgie,172
Sow,Mariama,Medecine generale,173
Sy,Moussa,Dermatologie,174
Sy,Ibrahima,Cardiologie,175
Sarr,Cheikh,Pediatrie,176
Gueye,Mariama,Cardiologie,177
Diallo,Ousmane,Dermatologie,178
Diallo,Aminata,Medecine generale,179
Gueye,Aminata,Cardiologie,180
Ndiaye,Fatou,Dermatologie,181
Fall,Aminata,Cardiologie,182
Sy,Oumar,Chirurgie,183
Diallo,Abdoulaye,Chirurgie,184
Faye,Khady,Gynecologie,185
Gueye,Aminata,Pediatrie,186
Gueye,Fatou,Pediatrie,187
Sy,Ousmane,Gynecologie,188
Sarr,Awa,Chirurgie,189
Kane,Oumar,Gynecologie,190
Faye,Khady,Gynecologie,191
Sow,Awa,Gynecologie,192
Gueye,Awa,Pediatrie,193
Sarr,Ousmane,Medecine generale,194
Sy,Aminata,Cardiologie,195
Gueye,Fatou,Gynecologie,196
Sow,Aminata,Chirurgie,197
Sarr,Moussa,Gynecologie,198
Faye,Mariama,Cardiologie,199
Gueye,Mariama,Cardiologie,200
Sarr,Fatou,Dermatologie,201
Ba,Fatou,Dermatologie,202
Gueye,Oumar,Gynecologie,203
Gueye,Fatou,Medecine generale,204
Sarr,Mamadou,Chirurgie,205
Diallo,Abdoulaye,Cardiologie,206
Ndiaye,Ibrahima,Pediatrie,207
Ba,Cheikh,Medecine generale,208
Kane,Cheikh,Gynecologie,209
Diallo,Mamadou,Gynecologie,210
Ndiaye,Fatou,Pediatrie,211
Gueye,Mamadou,Chirurgie,212
Kane,Fatou,Pediatrie,213
Ndiaye,Awa,Gynecologie,214
Sarr,Awa,Pediatrie,215
Sarr,Ibrahima,Medecine generale,216
Kane,Ibrahima,Chirurgie,217
Gueye,Cheikh,Pediatrie,218
Faye,Mariama,Medecine generale,219
Sy,Fatou,Chirurgie,220
Gueye,Khady,Cardiologie,221
Fall,Abdoulaye,Gynecologie,222
Faye,Mariama,Pediatrie,223
Ba,Khady,Pediatrie,224
Diop,Khady,Cardiologie,225
Diallo,Mariama,Dermatologie,226
Faye,Khady,Pediatrie,227
Diop,Mamadou,Chirurgie,228
Diallo,Awa,Gynecologie,229
Diop,Fatou,Dermatologie,230
Ndiaye,Abdoulaye,Medecine generale,231
Faye,Awa,Medecine generale,232
Kane,Mariama,Chirurgie,233
Fall,Khady,Pediatrie,234
Sy,Khady,Gynecologie,235
Diallo,Khady,Medecine generale,236
Diallo,Cheikh,Pediatrie,237
Sow,Moussa,Gynecologie,238
Kane,Awa,Cardiologie,239
Diallo,Khady,Chirurgie,240
Ba,Oumar,Chirurgie,241
Ba,Khady,Chirurgie,242
Fall,Fatou,Cardiologie,243
Ndiaye,Ibrahima,Pediatrie,244
Diop,Khady,Gynecologie,245
Ba,Moussa,Chirurgie,246
Sow,Moussa,Pediatrie,247
Sy,Awa,Dermatologie,248
Kane,Aminata,Dermatologie,249
Fall,Ibrahima,Pediatrie,250
Kane,Mamadou,Chirurgie,251
Gueye,Mariama,Chirurgie,252
Sow,Moussa,Pediatrie,253
Diop,Mariama,Pediatrie,254
Kane,Fatou,Chirurgie,255
Fall,Abdoulaye,Dermatologie,256
Sy,Moussa,Gynecologie,257
Kane,Mariama,Pediatrie,258
Kane,Mariama,Pediatrie,259
Ba,Ibrahima,Chirurgie,260
Fall,Ousmane,Gynecologie,261
Kane,Oumar,Medecine generale,262
Kane,Fatou,Pediatrie,263
Sow,Moussa,Cardiologie,264
Sarr,Ousmane,Medecine generale,265
Diallo,Fatou,Chirurgie,266
Fall,Aminata,Medecine generale,267
Diop,Oumar,Pediatrie,268
Ba,Fatou,Gynecologie,269
Diallo,Awa,Cardiologie,270
Sy,Khady,Cardiologie,271
Ndiaye,Oumar,Cardiologie,272
Ndiaye,Moussa,Dermatologie,273
Diallo,Moussa,Gynecologie,274
Sow,Awa,Chirurgie,275
Ba,Moussa,Chirurgie,276
Diop,Khady,Dermatologie,277
Ndiaye,Fatou,Cardiologie,278
Faye,Khady,Chirurgie,279
Kane,Aminata,Chirurgie,280
Diop,Ousmane,Medecine generale,281
Diop,Awa,Dermatologie,282
Sy,Fatou,Dermatologie,283
Ba,Fatou,Cardiologie,284
Sow,Mariama,Chirurgie,285
Fall,Aminata,Cardiologie,286
Sarr,Oumar,Chirurgie,287
Fall,Ibrahima,Medecine generale,288
Kane,Aminata,Chirurgie,289
Sow,Moussa,Dermatologie,290
Kane,Ibrahima,Cardiologie,291
Faye,Abdoulaye,Gynecologie,292
Faye,Mariama,Dermatologie,293
Sarr,Fatou,Chirurgie,294
Fall,Awa,Gynecologie,295
Sarr,Oumar,Gynecologie,296
Sy,Cheikh,Gynecologie,297
Faye,Aminata,Gynecologie,298
Gueye,Fatou,Gynecologie,299
Sarr,Fatou,Pediatrie,300
Gueye,Abdoulaye,Dermatologie,301
Faye,Cheikh,Chirurgie,302
Ndiaye,Mariama,Chirurgie,303
Gueye,Moussa,Pediatrie,304
Ba,Ibrahima,Pediatrie,305
Diallo,Awa,Gynecologie,306
Diallo,Aminata,Cardiologie,307
Ba,Mariama,Dermatologie,308
Sy,Ousmane,Gynecologie,309
Sy,Moussa,Medecine generale,310
Gueye,Awa,Pediatrie,311
Ba,Abdoulaye,Dermatologie,312
Gueye,Ousmane,Chirurgie,313
Sarr,Oumar,Pediatrie,314
Diallo,Khady,Medecine generale,315
Sy,Moussa,Gynecologie,316
Diop,Abdoulaye,Chirurgie,317
Diallo,Mariama,Chirurgie,318
Kane,Abdoulaye,Medecine generale,319
Faye,Fatou,Dermatologie,320
Fall,Abdoulaye,Chirurgie,321
Diop,Aminata,Cardiologie,322
Diop,Mariama,Gynecologie,323
Sow,Oumar,Cardiologie,324
Kane,Moussa,Chirurgie,325
Ndiaye,Abdoulaye,Medecine generale,326
Sarr,Ibrahima,Dermatologie,327
Fall,Oumar,Gynecologie,328
Sarr,Mariama,Dermatologie,329
Gueye,Aminata,Chirurgie,330
Fall,Awa,Gynecologie,331
Sy,Mariama,Medecine generale,332
Sow,Mamadou,Gynecologie,333
Ba,Ibrahima,Pediatrie,334
Fall,Mamadou,Gynecologie,335
Ba,Mariama,Dermatologie,336
Sow,Ousmane,Pediatrie,337
Sow,Abdoulaye,Cardiologie,338
Kane,Oumar,Cardiologie,339
Sarr,Fatou,Gynecologie,340
Kane,Abdoulaye,Gynecologie,341
Sarr,Fatou,Pediatrie,342
Diallo,Khady,Chirurgie,343
Fall,Abdoulaye,Pediatrie,344
Sy,Fatou,Dermatologie,345
Fall,Fatou,Cardiologie,346
Diop,Abdoulaye,Cardiologie,347
Sow,Fatou,Dermatologie,348
Sarr,Aminata,Gynecologie,349
Diallo,Cheikh,Pediatrie,350
Sarr,Mariama,Pediatrie,351
Ndiaye,Mamadou,Dermatologie,352
Sarr,Ibrahima,Cardiologie,353
Sy,Mamadou,Cardiologie,354
Sy,Ousmane,Chirurgie,355
Sy,Ousmane,Cardiologie,356
Gueye,Oumar,Medecine generale,357
Diop,Abdoulaye,Dermatologie,358
Ba,Ousmane,Pediatrie,359
Sy,Moussa,Cardiologie,360
Sy,Fatou,Dermatologie,361
Sow,Mamadou,Cardiologie,362
Sow,Oumar,Pediatrie,363
Faye,Ibrahima,Cardiologie,364
Fall,Mamadou,Dermatologie,365
Faye,Ibrahima,Cardiologie,366
Sow,Aminata,Cardiologie,367
Gueye,Ibrahima,Medecine generale,368
Fall,Khady,Cardiologie,369
Gueye,Moussa,Chirurgie,370
Sy,Mariama,Cardiologie,371
Sy,Ibrahima,Dermatologie,372
Gueye,Ousmane,Cardiologie,373
Gueye,Fatou,Gynecologie,374
Sow,Aminata,Chirurgie,375
Sarr,Ibrahima,Medecine generale,376
Faye,Mariama,Gynecologie,377
Sarr,Mariama,Pediatrie,378
Diop,Cheikh,Pediatrie,379
Sow,Khady,Medecine generale,380
Faye,Fatou,Chirurgie,381
Diop,Mamadou,Cardiologie,382
Ba,Khady,Cardiologie,383
Sy,Oumar,Medecine generale,384
Sy,Ibrahima,Pediatrie,385
Ba,Mamadou,Gynecologie,386
Fall,Fatou,Cardiologie,387
Kane,Ousmane,Pediatrie,388
Faye,Moussa,Gynecologie,389
Fall,Mamadou,Cardiologie,390
Kane,Moussa,Medecine generale,391
Sy,Moussa,Gynecologie,392
Gueye,Abdoulaye,Cardiologie,393
Fall,Mamadou,Dermatologie,394
Sarr,Ibrahima,Gynecologie,395
Ndiaye,Abdoulaye,Medecine generale,396
Sarr,Fatou,Chirurgie,397
Kane,Mariama,Cardiologie,398
Ndiaye,Ousmane,Pediatrie,399
Faye,Awa,Cardiologie,400
Kane,Awa,Cardiologie,401
Kane,Ibrahima,Chirurgie,402
Sy,Oumar,Medecine generale,403
Ba,Ousmane,Gynecologie,404
Sow,Mariama,Chirurgie,405
Diallo,Aminata,Medecine generale,406
Diop,Cheikh,Dermatologie,407
Ndiaye,Moussa,Gynecologie,408
Diop,Mariama,Chirurgie,409
Sarr,Moussa,Dermatologie,410
Ndiaye,Mamadou,Pediatrie,411
Sy,Ibrahima,Cardiologie,412
Faye,Abdoulaye,Cardiologie,413
Ndiaye,Moussa,Gynecologie,414
Fall,Khady,Chirurgie,415
Diallo,Awa,Medecine generale,416
Kane,Fatou,Pediatrie,417
Ba,Oumar,Gynecologie,418
Sy,Moussa,Medecine generale,419
Faye,Moussa,Pediatrie,420
Ndiaye,Ibrahima,Cardiologie,421
Faye,Aminata,Pediatrie,422
Faye,Abdoulaye,Pediatrie,423
Gueye,Khady,Gynecologie,424
Sy,Ousmane,Pediatrie,425
Diallo,Moussa,Pediatrie,426
Gueye,Ibrahima,Chirurgie,427
Ba,Mariama,Medecine generale,428
Ndiaye,Mamadou,Medecine generale,429
Gueye,Moussa,Chirurgie,430
Gueye,Cheikh,Cardiologie,431
Sy,Ousmane,Pediatrie,432
Sarr,Aminata,Gynecologie,433
Fall,Khady,Medecine generale,434
Sarr,Fatou,Cardiologie,435
Kane,Cheikh,Chirurgie,436
Sow,Ibrahima,Chirurgie,437
Ndiaye,Ousmane,Chirurgie,438
Sow,Ibrahima,Cardiologie,439
Sow,Ousmane,Chirurgie,440
Kane,Aminata,Gynecologie,441
Gueye,Mamadou,Medecine generale,442
Diop,Abdoulaye,Dermatologie,443
Ndiaye,Mariama,Pediatrie,444
Sarr,Aminata,Gynecologie,445
Sy,Abdoulaye,Cardiologie,446
Sy,Khady,Dermatologie,447
Faye,Fatou,Chirurgie,448
Kane,Aminata,Gynecologie,449
Faye,Mamadou,Medecine generale,450
Ba,Aminata,Cardiologie,451
Sy,Fatou,Cardiologie,452
Gueye,Ousmane,Dermatologie,453
Ba,Moussa,Dermatologie,454
Sow,Fatou,Pediatrie,455
Sow,Ibrahima,Chirurgie,456
Sow,Ibrahima,Pediatrie,457
Sow,Mamadou,Chirurgie,458
Ndiaye,Awa,Chirurgie,459
Sy,Khady,Dermatologie,460
Gueye,Moussa,Gynecologie,461
Gueye,Oumar,Pediatrie,462
Sy,Awa,Medecine generale,463
Ndiaye,Moussa,Gynecologie,464
Diop,Awa,Medecine generale,465
Sy,Mamadou,Chirurgie,466
Ndiaye,Fatou,Chirurgie,467
Sarr,Fatou,Cardiologie,468
Sarr,Abdoulaye,Cardiologie,469
Sow,Mariama,Cardiologie,470
Gueye,Ibrahima,Cardiologie,471
Sarr,Fatou,Cardiologie,472
Sow,Mamadou,Cardiologie,473
Sarr,Ibrahima,Chirurgie,474
Sow,Moussa,Dermatologie,475
Sarr,Fatou,Chirurgie,476
Sarr,Aminata,Chirurgie,477
Diop,Fatou,Gynecologie,478
Kane,Fatou,Cardiologie,479
Faye,Khady,Medecine generale,480
Diop,Ibrahima,Gynecologie,481
Diop,Ousmane,Medecine generale,482
Sow,Ibrahima,Medecine generale,483
Kane,Cheikh,Gynecologie,484
Sow,Mamadou,Cardiologie,485
Ba,Ousmane,Medecine generale,486
Sarr,Mamadou,Medecine generale,487
Kane,Awa,Dermatologie,488
Gueye,Aminata,Cardiologie,489
Sarr,Abdoulaye,Dermatologie,490
Kane,Oumar,Pediatrie,491
Ba,Fatou,Chirurgie,492
Sarr,Aminata,Dermatologie,493
Kane,Cheikh,Medecine generale,494
Faye,Abdoulaye,Dermatologie,495
Gueye,Fatou,Dermatologie,496
Kane,Khady,Cardiologie,497
Sy,Ousmane,Medecine generale,498
Sy,Khady,Chirurgie,499
Ba,Moussa,Pediatrie,500
Gueye,Moussa,Chirurgie,501
Fall,Aminata,Gynecologie,502
Sow,Oumar,Medecine generale,503
Ba,Fatou,Chirurgie,504
Ba,Oumar,Gynecologie,505
Fall,Khady,Medecine generale,506
Kane,Khady,Chirurgie,507
Gueye,Abdoulaye,Chirurgie,508
Diallo,Khady,Medecine generale,509
Sarr,Moussa,Medecine generale,510
Ndiaye,Ousmane,Gynecologie,511
Sarr,Khady,Cardiologie,512
Fall,Ousmane,Dermatologie,513
Ba,Ousmane,Gynecologie,514
Diop,Aminata,Cardiologie,515
Faye,Khady,Medecine generale,516
Sy,Oumar,Dermatologie,517
Ndiaye,Cheikh,Medecine generale,518
Ba,Ousmane,Cardiologie,519
Faye,Oumar,Medecine generale,520
Ba,Khady,Medecine generale,521
Sarr,Khady,Pediatrie,522
Sarr,Mariama,Chirurgie,523
Sy,Ibrahima,Pediatrie,524
Sy,Aminata,Cardiologie,525
Gueye,Ousmane,Gynecologie,526
Sarr,Khady,Dermatologie,527
Diop,Mamadou,Dermatologie,528
Fall,Awa,Dermatologie,529
Sy,Cheikh,Dermatologie,530
Sy,Khady,Gynecologie,531
Fall,Fatou,Dermatologie,532
Ndiaye,Fatou,Cardiologie,533
Diallo,Khady,Gynecologie,534
Sy,Ousmane,Cardiologie,535
Faye,Oumar,Gynecologie,536
Diallo,Moussa,Chirurgie,537
Fall,Ibrahima,Medecine generale,538
Sy,Abdoulaye,Gynecologie,539
Fall,Mariama,Pediatrie,540
Sy,Abdoulaye,Medecine generale,541
Faye,Oumar,Dermatologie,542
Sow,Awa,Medecine generale,543
Sow,Ibrahima,Gynecologie,544
Fall,Khady,Pediatrie,545
Gueye,Oumar,Dermatologie,546
Fall,Ibrahima,Medecine generale,547
Sarr,Aminata,Medecine generale,548
Sarr,Khady,Medecine generale,549
Sow,Moussa,Chirurgie,550
Sarr,Moussa,Pediatrie,551
Diallo,Cheikh,Chirurgie,552
Ndiaye,Ibrahima,Cardiologie,553
Diop,Khady,Medecine generale,554
Sy,Khady,Medecine generale,555
Sarr,Moussa,Gynecologie,556
Fall,Abdoulaye,Gynecologie,557
Fall,Fatou,Medecine generale,558
Gueye,Abdoulaye,Dermatologie,559
Fall,Abdoulaye,Pediatrie,560
Kane,Awa,Chirurgie,561
Gueye,Oumar,Gynecologie,562
Ndiaye,Ibrahima,Cardiologie,563
Ndiaye,Khady,Chirurgie,564
Faye,Moussa,Pediatrie,565
Kane,Mariama,Gynecologie,566
Diop,Aminata,Chirurgie,567
Diallo,Mamadou,Chirurgie,568
Gueye,Mamadou,Pediatrie,569
Ndiaye,Abdoulaye,Dermatologie,570
Sy,Cheikh,Gynecologie,571
Sow,Mariama,Pediatrie,572
Sow,Oumar,Medecine generale,573
Fall,Moussa,Dermatologie,574
Sy,Abdoulaye,Pediatrie,575
Fall,Awa,Dermatologie,576
Diallo,Awa,Medecine generale,577
Ba,Fatou,Pediatrie,578
Sow,Cheikh,Chirurgie,579
Faye,Aminata,Gynecologie,580
Sow,Aminata,Chirurgie,581
Diop,Ibrahima,Gynecologie,582
Sy,Ibrahima,Gynecologie,583
Sy,Khady,Pediatrie,584
Gueye,Moussa,Dermatologie,585
Faye,Ibrahima,Cardiologie,586
Ndiaye,Ibrahima,Dermatologie,587
Ndiaye,Cheikh,Medecine generale,588
Diallo,Fatou,Pediatrie,589
Ndiaye,Awa,Chirurgie,590
Sy,Khady,Cardiologie,591
Fall,Moussa,Chirurgie,592
Sow,Cheikh,Dermatologie,593
Fall,Ibrahima,Medecine generale,594
Gueye,Cheikh,Chirurgie,595
Sarr,Cheikh,Dermatologie,596
Sarr,Cheikh,Chirurgie,597
Fall,Aminata,Gynecologie,598
Diop,Moussa,Gynecologie,599
Ba,Khady,Cardiologie,600
Ndiaye,Awa,Chirurgie,601
Fall,Cheikh,Pediatrie,602
Fall,Khady,Pediatrie,603
Faye,Moussa,Dermatologie,604
Sy,Aminata,Pediatrie,605
Kane,Ousmane,Chirurgie,606
Diop,Oumar,Cardiologie,607
Sy,Fatou,Chirurgie,608
Diop,Moussa,Medecine generale,609
Ba,Cheikh,Pediatrie,610
Fall,Awa,Pediatrie,611
Ba,Oumar,Pediatrie,612
Diallo,Abdoulaye,Medecine generale,613
Sarr,Awa,Medecine generale,614
Faye,Mariama,Dermatologie,615
Kane,Ousmane,Medecine generale,616
Diop,Mamadou,Cardiologie,617
Gueye,Ousmane,Pediatrie,618
Fall,Cheikh,Cardiologie,619
Sow,Oumar,Dermatologie,620
Faye,Cheikh,Pediatrie,621
Gueye,Mamadou,Medecine generale,622
Diop,Mamadou,Chirurgie,623
Sy,Oumar,Gynecologie,624
Gueye,Moussa,Gynecologie,625
Diallo,Ibrahima,Gynecologie,626
Diop,Cheikh,Gynecologie,627
Diallo,Moussa,Gynecologie,628
Kane,Ibrahima,Cardiologie,629
Diallo,Ousmane,Pediatrie,630
Fall,Khady,Chirurgie,631
Sow,Fatou,Chirurgie,632
Faye,Abdoulaye,Pediatrie,633
Ndiaye,Mariama,Dermatologie,634
Sarr,Cheikh,Chirurgie,635
Fall,Cheikh,Medecine generale,636
Gueye,Abdoulaye,Chirurgie,637
Sarr,Ousmane,Medecine generale,638
Sy,Cheikh,Pediatrie,639
Ba,Ousmane,Chirurgie,640
Sarr,Awa,Gynecologie,641
Diallo,Khady,Dermatologie,642
Ndiaye,Awa,Medecine generale,643
Diop,Khady,Cardiologie,644
Diop,Ibrahima,Gynecologie,645
Diop,Fatou,Chirurgie,646
Kane,Mariama,Pediatrie,647
Fall,Ibrahima,Cardiologie,648
Kane,Khady,Medecine generale,649
Faye,Awa,Pediatrie,650
Diop,Fatou,Medecine generale,651
Gueye,Aminata,Dermatologie,652
Diop,Awa,Cardiologie,653
Sy,Cheikh,Chirurgie,654
Fall,Oumar,Medecine generale,655
Sarr,Mariama,Cardiologie,656
Gueye,Ousmane,Medecine generale,657
Fall,Ibrahima,Dermatologie,658
Ba,Abdoulaye,Medecine generale,659
Ba,Cheikh,Chirurgie,660
Sow,Fatou,Medecine generale,661
Fall,Fatou,Medecine generale,662
Sow,Cheikh,Pediatrie,663
Diop,Oumar,Cardiologie,664
Ba,Moussa,Dermatologie,665
Sy,Moussa,Cardiologie,666
Ba,Aminata,Cardiologie,667
Diop,Cheikh,Gynecologie,668
Fall,Fatou,Gynecologie,669
Gueye,Ibrahima,Dermatologie,670
Faye,Mariama,Dermatologie,671
Faye,Awa,Medecine generale,672
Sow,Moussa,Dermatologie,673
Kane,Ousmane,Dermatologie,674
Fall,Ibrahima,Chirurgie,675
Kane,Aminata,Pediatrie,676
Ba,Moussa,Gynecologie,677
Faye,Abdoulaye,Chirurgie,678
Ba,Fatou,Pediatrie,679
Sow,Mariama,Chirurgie,680
Ba,Aminata,Chirurgie,681
Ba,Mamadou,Medecine generale,682
Sy,Cheikh,Dermatologie,683
Faye,Oumar,Gynecologie,684
Kane,Moussa,Gynecologie,685
Sarr,Moussa,Dermatologie,686
Gueye,Oumar,Gynecologie,687
Diop,Ibrahima,Chirurgie,688
Ba,Ibrahima,Medecine generale,689
Sow,Aminata,Cardiologie,690
Faye,Aminata,Gynecologie,691
Sow,Khady,Cardiologie,692
Faye,Abdoulaye,Cardiologie,693
Sy,Awa,Gynecologie,694
Diallo,Moussa,Pediatrie,695
Gueye,Awa,Medecine generale,696
Sy,Oumar,Dermatologie,697
Gueye,Aminata,Chirurgie,698
Ba,Moussa,Pediatrie,699
Fall,Moussa,Pediatrie,700
Sow,Aminata,Chirurgie,701
Sy,Khady,Gynecologie,702
Fall,Fatou,Chirurgie,703
Diallo,Oumar,Dermatologie,704
Sy,Oumar,Cardiologie,705
Diop,Fatou,Medecine generale,706
Ndiaye,Ousmane,Medecine generale,707
Sy,Moussa,Pediatrie,708
Kane,Ibrahima,Chirurgie,709
Faye,Khady,Dermatologie,710
Diop,Mariama,Gynecologie,711
Sy,Fatou,Medecine generale,712
Diallo,Ibrahima,Gynecologie,713
Diop,Ibrahima,Gynecologie,714
Diop,Mamadou,Gynecologie,715
Kane,Ousmane,Chirurgie,716
Sow,Cheikh,Cardiologie,717
Sarr,Abdoulaye,Medecine generale,718
Ba,Awa,Pediatrie,719
Gueye,Ousmane,Cardiologie,720
Sow,Fatou,Pediatrie,721
Kane,Ibrahima,Cardiologie,722
Fall,Mamadou,Dermatologie,723
Faye,Mamadou,Gynecologie,724
Ndiaye,Fatou,Medecine generale,725
Diallo,Fatou,Dermatologie,726
Fall,Mamadou,Medecine generale,727
Fall,Abdoulaye,Cardiologie,728
Ba,Ousmane,Chirurgie,729
Sy,Cheikh,Medecine generale,730
Faye,Ousmane,Dermatologie,731
Faye,Mamadou,Medecine generale,732
Gueye,Aminata,Medecine generale,733
Sow,Ibrahima,Cardiologie,734
Diallo,Khady,Pediatrie,735
Faye,Fatou,Chirurgie,736
Diallo,Abdoulaye,Pediatrie,737
Sow,Fatou,Chirurgie,738
Sarr,Fatou,Pediatrie,739
Ndiaye,Ousmane,Cardiologie,740
Diallo,Moussa,Dermatologie,741
Kane,Fatou,Gynecologie,742
Kane,Abdoulaye,Pediatrie,743
Ndiaye,Ousmane,Pediatrie,744
Ba,Moussa,Cardiologie,745
Gueye,Moussa,Dermatologie,746
Diop,Mamadou,Dermatologie,747
Kane,Fatou,Cardiologie,748
Sarr,Abdoulaye,Cardiologie,749
Diop,Ibrahima,Dermatologie,750
Kane,Aminata,Chirurgie,751
Diallo,Ousmane,Chirurgie,752
Diop,Moussa,Cardiologie,753
Faye,Moussa,Dermatologie,754
Sy,Mamadou,Gynecologie,755
Sarr,Ousmane,Cardiologie,756
Sy,Fatou,Pediatrie,757
Gueye,Abdoulaye,Dermatologie,758
Sy,Mamadou,Cardiologie,759
Sarr,Moussa,Cardiologie,760
Sy,Khady,Gynecologie,761
Diop,Aminata,Chirurgie,762
Diop,Cheikh,Medecine generale,763
Sy,Moussa,Medecine generale,764
Diop,Ousmane,Pediatrie,765
Ba,Moussa,Gynecologie,766
Fall,Cheikh,Dermatologie,767
Ba,Khady,Pediatrie,768
Sarr,Fatou,Gynecologie,769
Ndiaye,Mamadou,Medecine generale,770
Ba,Aminata,Medecine generale,771
Diop,Cheikh,Medecine generale,772
Fall,Fatou,Gynecologie,773
Diallo,Oumar,Chirurgie,774
Gueye,Moussa,Medecine generale,775
Faye,Ousmane,Medecine generale,776
Gueye,Fatou,Pediatrie,777
Fall,Aminata,Gynecologie,778
Faye,Ousmane,Gynecologie,779
Sarr,Cheikh,Cardiologie,780
Fall,Oumar,Medecine generale,781
Faye,Awa,Gynecologie,782
Sy,Cheikh,Dermatologie,783
Ba,Oumar,Pediatrie,784
Sarr,Abdoulaye,Pediatrie,785
Faye,Cheikh,Medecine generale,786
Ndiaye,Ousmane,Medecine generale,787
Diop,Abdoulaye,Dermatologie,788
Gueye,Ousmane,Gynecologie,789
Sarr,Mariama,Pediatrie,790
Diallo,Fatou,Gynecologie,791
Sow,Cheikh,Dermatologie,792
Gueye,Cheikh,Chirurgie,793
Ba,Cheikh,Cardiologie,794
Diop,Ibrahima,Pediatrie,795
Ba,Mariama,Cardiologie,796
Faye,Abdoulaye,Gynecologie,797
Gueye,Khady,Gynecologie,798
Diallo,Ousmane,Dermatologie,799
Faye,Awa,Cardiologie,800
Ndiaye,Mariama,Pediatrie,801
Diallo,Oumar,Pediatrie,802
Diop,Aminata,Cardiologie,803
Ndiaye,Mariama,Gynecologie,804
Diallo,Fatou,Gynecologie,805
Kane,Cheikh,Pediatrie,806
Diallo,Ousmane,Dermatologie,807
Sy,Awa,Chirurgie,808
Ba,Aminata,Dermatologie,809
Sy,Khady,Chirurgie,810
Ba,Fatou,Dermatologie,811
Gueye,Mariama,Medecine generale,812
Faye,Moussa,Medecine generale,813
Kane,Abdoulaye,Chirurgie,814
Gueye,Ibrahima,Pediatrie,815
Diop,Aminata,Medecine generale,816
Faye,Mamadou,Medecine generale,817
Kane,Awa,Chirurgie,818
Kane,Ousmane,Pediatrie,819
Ndiaye,Cheikh,Pediatrie,820
Sow,Oumar,Cardiologie,821
Sow,Awa,Chirurgie,822
Sow,Awa,Cardiologie,823
Ndiaye,Khady,Chirurgie,824
Diallo,Abdoulaye,Dermatologie,825
Diallo,Cheikh,Dermatologie,826
Sarr,Fatou,Dermatologie,827
Diop,Moussa,Dermatologie,828
Diop,Mamadou,Chirurgie,829
Fall,Cheikh,Dermatologie,830
Gueye,Awa,Pediatrie,831
Sow,Ibrahima,Medecine generale,832
Diop,Khady,Pediatrie,833
Kane,Cheikh,Medecine generale,834
Diop,Awa,Pediatrie,835
Diallo,Mamadou,Cardiologie,836
Sow,Khady,Pediatrie,837
Diallo,Moussa,Dermatologie,838
Ba,Mamadou,Pediatrie,839
Sarr,Cheikh,Dermatologie,840
Faye,Mamadou,Medecine generale,841
Sarr,Ousmane,Pediatrie,842
Ba,Ibrahima,Pediatrie,843
Ndiaye,Abdoulaye,Dermatologie,844
Kane,Aminata,Dermatologie,845
Ndiaye,Abdoulaye,Pediatrie,846
Sarr,Oumar,Pediatrie,847
Ndiaye,Khady,Pediatrie,848
Diallo,Abdoulaye,Dermatologie,849
Gueye,Aminata,Dermatologie,850
Sow,Ibrahima,Chirurgie,851
Gueye,Mariama,Pediatrie,852
Gueye,Ousmane,Dermatologie,853
Gueye,Ousmane,Medecine generale,854
Diop,Abdoulaye,Dermatologie,855
Fall,Abdoulaye,Dermatologie,856
Gueye,Abdoulaye,Cardiologie,857
Fall,Moussa,Gynecologie,858
Ba,Awa,Dermatologie,859
Fall,Mamadou,Pediatrie,860
Faye,Awa,Chirurgie,861
Ndiaye,Ousmane,Gynecologie,862
Ba,Mamadou,Medecine generale,863
Gueye,Mariama,Cardiologie,864
Sow,Aminata,Cardiologie,865
Sy,Mariama,Medecine generale,866
Diop,Mariama,Cardiologie,867
Faye,Oumar,Gynecologie,868
Sy,Ousmane,Dermatologie,869
Sarr,Awa,Chirurgie,870
Diop,Oumar,Medecine generale,871
Fall,Khady,Pediatrie,872
Ndiaye,Moussa,Pediatrie,873
Faye,Ousmane,Chirurgie,874
Ndiaye,Mamadou,Pediatrie,875
Diop,Oumar,Medecine generale,876
Kane,Moussa,Gynecologie,877
Kane,Ibrahima,Medecine generale,878
Ba,Oumar,Cardiologie,879
Sy,Abdoulaye,Pediatrie,880
Ndiaye,Ousmane,Gynecologie,881
Ba,Mariama,Pediatrie,882
Gueye,Fatou,Gynecologie,883
Ba,Ousmane,Dermatologie,884
Sy,Ibrahima,Pediatrie,885
Gueye,Moussa,Gynecologie,886
Fall,Cheikh,Pediatrie,887
Sow,Cheikh,Medecine generale,888
Fall,Moussa,Chirurgie,889
Faye,Ibrahima,Cardiologie,890
Gueye,Awa,Chirurgie,891
Sy,Awa,Chirurgie,892
Ndiaye,Mamadou,Dermatologie,893
Sow,Abdoulaye,Medecine generale,894
Ndiaye,Mamadou,Pediatrie,895
Sow,Moussa,Dermatologie,896
Sy,Cheikh,Medecine generale,897
Gueye,Awa,Cardiologie,898
Gueye,Moussa,Chirurgie,899
Sy,Abdoulaye,Dermatologie,900
Kane,Aminata,Chirurgie,901
Fall,Mariama,Dermatologie,902
Diop,Abdoulaye,Dermatologie,903
Kane,Mamadou,Chirurgie,904
Sarr,Abdoulaye,Pediatrie,905
Sow,Aminata,Dermatologie,906
Ndiaye,Oumar,Medecine generale,907
Kane,Mariama,Chirurgie,908
Diallo,Awa,Cardiologie,909
Sow,Fatou,Medecine generale,910
Sarr,Awa,Chirurgie,911
Ndiaye,Cheikh,Chirurgie,912
Ndiaye,Abdoulaye,Gynecologie,913
Diallo,Aminata,Chirurgie,914
Ndiaye,Cheikh,Pediatrie,915
Ba,Ibrahima,Gynecologie,916
Gueye,Aminata,Chirurgie,917
Kane,Mariama,Cardiologie,918
Gueye,Mariama,Medecine generale,919
Ba,Abdoulaye,Dermatologie,920
Sy,Ousmane,Medecine generale,921
Faye,Fatou,Medecine generale,922
Fall,Mariama,Gynecologie,923
Diallo,Oumar,Cardiologie,924
Diallo,Mariama,Chirurgie,925
Faye,Aminata,Medecine generale,926
Sow,Oumar,Chirurgie,927
Kane,Abdoulaye,Gynecologie,928
Diallo,Moussa,Medecine generale,929
Kane,Aminata,Chirurgie,930
Diallo,Fatou,Gynecologie,931
Diallo,Mariama,Chirurgie,932
Gueye,Moussa,Medecine generale,933
Gueye,Khady,Chirurgie,934
Sow,Mamadou,Medecine generale,935
Kane,Mamadou,Chirurgie,936
Diop,Abdoulaye,Dermatologie,937
Diallo,Abdoulaye,Gynecologie,938
Diop,Mariama,Gynecologie,939
Kane,Moussa,Medecine generale,940
Ndiaye,Khady,Chirurgie,941
Gueye,Ousmane,Gynecologie,942
Ba,Cheikh,Chirurgie,943
Sow,Oumar,Chirurgie,944
Sow,Cheikh,Medecine generale,945
Sow,Moussa,Gynecologie,946
Faye,Awa,Gynecologie,947
Sow,Moussa,Chirurgie,948
Kane,Fatou,Medecine generale,949
Faye,Mamadou,Cardiologie,950
Diop,Mamadou,Chirurgie,951
Sarr,Oumar,Pediatrie,952
Diallo,Fatou,Chirurgie,953
Fall,Khady,Dermatologie,954
Gueye,Cheikh,Dermatologie,955
Diallo,Khady,Medecine generale,956
Gueye,Ibrahima,Pediatrie,957
Kane,Ousmane,Dermatologie,958
Fall,Abdoulaye,Medecine generale,959
Ndiaye,Awa,Medecine generale,960
Sow,Mariama,Dermatologie,961
Ndiaye,Cheikh,Pediatrie,962
Ba,Ousmane,Pediatrie,963
Diallo,Abdoulaye,Gynecologie,964
Kane,Oumar,Chirurgie,965
Faye,Cheikh,Gynecologie,966
Faye,Moussa,Chirurgie,967
Fall,Aminata,Cardiologie,968
Ba,Aminata,Medecine generale,969
Diop,Ibrahima,Medecine generale,970
Fall,Cheikh,Pediatrie,971
Fall,Cheikh,Pediatrie,972
Kane,Mamadou,Cardiologie,973
Kane,Cheikh,Dermatologie,974
Sy,Fatou,Dermatologie,975
Faye,Mamadou,Gynecologie,976
Gueye,Fatou,Dermatologie,977
Ndiaye,Cheikh,Pediatrie,978
Fall,Ousmane,Dermatologie,979
Faye,Mariama,Dermatologie,980
Kane,Moussa,Dermatologie,981
Ndiaye,Mamadou,Pediatrie,982
Fall,Moussa,Gynecologie,983
Diallo,Khady,Gynecologie,984
Sy,Moussa,Cardiologie,985
Faye,Ousmane,Chirurgie,986
Gueye,Mariama,Gynecologie,987
Gueye,Mariama,Medecine generale,988
Fall,Oumar,Gynecologie,989
Sarr,Ibrahima,Pediatrie,990
Sy,Cheikh,Medecine generale,991
Faye,Mamadou,Chirurgie,992
Gueye,Khady,Dermatologie,993
Fall,Khady,Medecine generale,994
Ndiaye,Khady,Dermatologie,995
Ba,Oumar,Medecine generale,996
Sow,Aminata,Gynecologie,997
Faye,Khady,Pediatrie,998
Diop,Moussa,Dermatologie,999
Ba,Ousmane,Dermatologie,1000
Sarr,Awa,Medecine generale,1001
Gueye,Mariama,Gynecologie,1002
Kane,Cheikh,Cardiologie,1003
Fall,Khady,Dermatologie,1004
Sow,Ibrahima,Pediatrie,1005
Ndiaye,Khady,Medecine generale,1006
Sarr,Ibrahima,Dermatologie,1007
Fall,Moussa,Cardiologie,1008
Fall,Mariama,Pediatrie,1009
Ba,Fatou,Chirurgie,1010
Ndiaye,Abdoulaye,Chirurgie,1011
Ba,Aminata,Gynecologie,1012
Sarr,Aminata,Gynecologie,1013
Ndiaye,Ousmane,Gynecologie,1014
Diallo,Awa,Dermatologie,1015
Ndiaye,Fatou,Chirurgie,1016
Diop,Awa,Cardiologie,1017
Gueye,Oumar,Medecine generale,1018
Fall,Abdoulaye,Gynecologie,1019
Ndiaye,Mariama,Gynecologie,1020
Ba,Awa,Dermatologie,1021
Sarr,Fatou,Cardiologie,1022
Sarr,Awa,Pediatrie,1023
Ndiaye,Oumar,Cardiologie,1024
Faye,Aminata,Pediatrie,1025
Faye,Cheikh,Dermatologie,1026
Gueye,Fatou,Dermatologie,1027
Sarr,Mamadou,Cardiologie,1028
Sy,Mamadou,Gynecologie,1029
Ba,Ibrahima,Dermatologie,1030
Gueye,Cheikh,Dermatologie,1031
Sarr,Fatou,Chirurgie,1032
Sarr,Aminata,Chirurgie,1033
Kane,Awa,Chirurgie,1034
Faye,Oumar,Chirurgie,1035
Sow,Moussa,Dermatologie,1036
Faye,Mariama,Dermatologie,1037
Faye,Khady,Gynecologie,1038
Ba,Mamadou,Pediatrie,1039
Diallo,Ousmane,Chirurgie,1040
Diallo,Awa,Gynecologie,1041
Fall,Awa,Chirurgie,1042
Sow,Khady,Dermatologie,1043
Diallo,Oumar,Gynecologie,1044
Sy,Mariama,Medecine generale,1045
Diop,Cheikh,Dermatologie,1046
Ba,Aminata,Medecine generale,1047
Kane,Fatou,Chirurgie,1048
Sy,Fatou,Dermatologie,1049
Fall,Ibrahima,Cardiologie,1050
Gueye,Oumar,Pediatrie,1051
Fall,Awa,Cardiologie,1052
Diop,Oumar,Chirurgie,1053
Diop,Ibrahima,Medecine generale,1054
Sow,Moussa,Cardiologie,1055
Sy,Ibrahima,Dermatologie,1056
Sarr,Ibrahima,Medecine generale,1057
Sarr,Oumar,Medecine generale,1058
Ndiaye,Mariama,Cardiologie,1059
Sy,Khady,Dermatologie,1060
Faye,Aminata,Medecine generale,1061
Gueye,Mamadou,Cardiologie,1062
Sarr,Moussa,Gynecologie,1063
Diop,Ibrahima,Chirurgie,1064
Diop,Oumar,Dermatologie,1065
Diop,Aminata,Medecine generale,1066
Diallo,Oumar,Cardiologie,1067
Faye,Ousmane,Gynecologie,1068
Ndiaye,Awa,Medecine generale,1069
Ba,Oumar,Chirurgie,1070
Faye,Abdoulaye,Cardiologie,1071
Faye,Fatou,Dermatologie,1072
Sarr,Ousmane,Dermatologie,1073
Ba,Moussa,Pediatrie,1074
Faye,Ibrahima,Chirurgie,1075
Sy,Aminata,Cardiologie,1076
Kane,Mamadou,Gynecologie,1077
Kane,Moussa,Medecine generale,1078
Sarr,Fatou,Gynecologie,1079
Gueye,Khady,Gynecologie,1080
Diop,Mamadou,Medecine generale,1081
Fall,Ibrahima,Dermatologie,1082
Ndiaye,Fatou,Chirurgie,1083
Fall,Mariama,Pediatrie,1084
Diop,Oumar,Pediatrie,1085
Sow,Aminata,Dermatologie,1086
Ba,Mariama,Medecine generale,1087
Ba,Ibrahima,Pediatrie,1088
Sy,Khady,Medecine generale,1089
Gueye,Aminata,Gynecologie,1090
Sow,Mamadou,Pediatrie,1091
Ba,Fatou,Chirurgie,1092
Diallo,Awa,Gynecologie,1093
Ndiaye,Oumar,Chirurgie,1094
Ndiaye,Fatou,Gynecologie,1095
Ndiaye,Aminata,Dermatologie,1096
Gueye,Moussa,Dermatologie,1097
Ba,Abdoulaye,Cardiologie,1098
Diallo,Khady,Pediatrie,1099
Kane,Abdoulaye,Chirurgie,1100
Faye,Oumar,Pediatrie,1101
Diop,Awa,Gynecologie,1102
Sarr,Cheikh,Medecine generale,1103
Sarr,Oumar,Gynecologie,1104
Diop,Abdoulaye,Pediatrie,1105
Diop,Mamadou,Dermatologie,1106
Ndiaye,Ousmane,Dermatologie,1107
Ndiaye,Mamadou,Cardiologie,1108
Ba,Aminata,Chirurgie,1109
Ndiaye,Fatou,Pediatrie,1110
Sy,Oumar,Gynecologie,1111
Gueye,Oumar,Chirurgie,1112
Gueye,Awa,Dermatologie,1113
Ndiaye,Ousmane,Cardiologie,1114
Sarr,Moussa,Medecine generale,1115
Kane,Moussa,Chirurgie,1116
Sow,Mariama,Medecine generale,1117
Sarr,Abdoulaye,Chirurgie,1118
Sow,Awa,Pediatrie,1119
Ndiaye,Cheikh,Gynecologie,1120
Sow,Khady,Dermatologie,1121
Sow,Mariama,Cardiologie,1122
Sy,Moussa,Medecine generale,1123
Sarr,Moussa,Chirurgie,1124
Sarr,Awa,Chirurgie,1125
Diallo,Mamadou,Pediatrie,1126
Sarr,Cheikh,Cardiologie,1127
Ndiaye,Ibrahima,Gynecologie,1128
Gueye,Fatou,Chirurgie,1129
Fall,Abdoulaye,Gynecologie,1130
Ndiaye,Fatou,Dermatologie,1131
Fall,Khady,Pediatrie,1132
Diop,Ibrahima,Chirurgie,1133
Ndiaye,Fatou,Dermatologie,1134
Ndiaye,Awa,Chirurgie,1135
Sarr,Mamadou,Chirurgie,1136
Ndiaye,Cheikh,Dermatologie,1137
Diop,Awa,Dermatologie,1138
Sarr,Khady,Medecine generale,1139
Gueye,Khady,Gynecologie,1140
Ba,Moussa,Cardiologie,1141
Sy,Mamadou,Pediatrie,1142
Diop,Khady,Cardiologie,1143
Diallo,Ousmane,Chirurgie,1144
Faye,Aminata,Cardiologie,1145
Faye,Awa,Medecine generale,1146
Gueye,Ousmane,Chirurgie,1147
Diop,Aminata,Medecine generale,1148
Diallo,Oumar,Cardiologie,1149
Ndiaye,Awa,Gynecologie,1150
Gueye,Cheikh,Chirurgie,1151
Ba,Mariama,Medecine generale,1152
Faye,Ibrahima,Gynecologie,1153
Sarr,Ibrahima,Cardiologie,1154
Faye,Oumar,Chirurgie,1155
Sow,Aminata,Cardiologie,1156
Sow,Fatou,Cardiologie,1157
Ndiaye,Moussa,Cardiologie,1158
Kane,Ousmane,Pediatrie,1159
Sy,Ousmane,Dermatologie,1160
Gueye,Ousmane,Pediatrie,1161
Diop,Mariama,Medecine generale,1162
Faye,Cheikh,Pediatrie,1163
Ba,Mamadou,Gynecologie,1164
Diallo,Mariama,Medecine generale,1165
Sy,Awa,Dermatologie,1166
Ba,Oumar,Gynecologie,1167
Sy,Khady,Gynecologie,1168
Ba,Fatou,Cardiologie,1169
Ndiaye,Awa,Pediatrie,1170
Diallo,Fatou,Medecine generale,1171
Kane,Moussa,Chirurgie,1172
Faye,Aminata,Dermatologie,1173
Sarr,Fatou,Medecine generale,1174
Diop,Oumar,Medecine generale,1175
Ndiaye,Fatou,Gynecologie,1176
Diallo,Ibrahima,Medecine generale,1177
Faye,Abdoulaye,Pediatrie,1178
Sow,Ibrahima,Dermatologie,1179
Diallo,Mariama,Cardiologie,1180
Faye,Abdoulaye,Pediatrie,1181
Faye,Awa,Cardiologie,1182
Sow,Mamadou,Cardiologie,1183
Sarr,Cheikh,Chirurgie,1184
Ba,Ousmane,Medecine generale,1185
Sow,Mamadou,Chirurgie,1186
Sy,Awa,Dermatologie,1187
Ba,Mamadou,Pediatrie,1188
Sarr,Ibrahima,Medecine generale,1189
Sow,Mariama,Medecine generale,1190
Fall,Khady,Cardiologie,1191
Sarr,Ibrahima,Dermatologie,1192
Sy,Ousmane,Cardiologie,1193
Ndiaye,Khady,Gynecologie,1194
Kane,Khady,Dermatologie,1195
Sy,Mamadou,Pediatrie,1196
Sarr,Aminata,Dermatologie,1197
Kane,Abdoulaye,Cardiologie,1198
Gueye,Awa,Chirurgie,1199
Gueye,Ousmane,Pediatrie,1200
Fall,Oumar,Cardiologie,1201
Diallo,Awa,Cardiologie,1202
Sow,Khady,Cardiologie,1203
Sy,Ibrahima,Pediatrie,1204
Sow,Cheikh,Gynecologie,1205
Fall,Awa,Pediatrie,1206
Sow,Oumar,Cardiologie,1207
Ndiaye,Cheikh,Dermatologie,1208
Sy,Abdoulaye,Pediatrie,1209
Diallo,Abdoulaye,Dermatologie,1210
Diallo,Oumar,Medecine generale,1211
Diop,Ibrahima,Medecine generale,1212
Gueye,Mariama,Gynecologie,1213
Fall,Abdoulaye,Medecine generale,1214
Kane,Ibrahima,Medecine generale,1215
Diop,Khady,Gynecologie,1216
Faye,Ousmane,Dermatologie,1217
Ba,Mariama,Cardiologie,1218
Diallo,Oumar,Pediatrie,1219
Sy,Fatou,Cardiologie,1220
Diop,Moussa,Pediatrie,1221
Faye,Ousmane,Chirurgie,1222
Diallo,Fatou,Medecine generale,1223
Sy,Fatou,Chirurgie,1224
Faye,Mariama,Gynecologie,1225
Diop,Moussa,Pediatrie,1226
Sarr,Mamadou,Pediatrie,1227
Diallo,Mariama,Medecine generale,1228
Diallo,Aminata,Medecine generale,1229
Diop,Ibrahima,Dermatologie,1230
Sarr,Mariama,Chirurgie,1231
Kane,Oumar,Medecine generale,1232
Sy,Khady,Dermatologie,1233
Sy,Ibrahima,Pediatrie,1234
Diallo,Mamadou,Dermatologie,1235
Diop,Awa,Cardiologie,1236
Faye,Awa,Chirurgie,1237
Ba,Abdoulaye,Gynecologie,1238
Ba,Ibrahima,Dermatologie,1239
Sow,Cheikh,Gynecologie,1240
Diop,Khady,Medecine generale,1241
Gueye,Aminata,Dermatologie,1242
Sow,Fatou,Dermatologie,1243
Ba,Ousmane,Dermatologie,1244
Sow,Oumar,Gynecologie,1245
Sy,Abdoulaye,Gynecologie,1246
Gueye,Abdoulaye,Cardiologie,1247
Kane,Aminata,Cardiologie,1248
Sarr,Mamadou,Dermatologie,1249
Faye,Fatou,Cardiologie,1250
Diallo,Ousmane,Dermatologie,1251
Sarr,Oumar,Gynecologie,1252
Ndiaye,Moussa,Chirurgie,1253
Sy,Khady,Chirurgie,1254
Ndiaye,Ousmane,Cardiologie,1255
Sarr,Ibrahima,Gynecologie,1256
Faye,Abdoulaye,Dermatologie,1257
Diop,Ousmane,Dermatologie,1258
Gueye,Fatou,Cardiologie,1259
Faye,Oumar,Chirurgie,1260
Sarr,Aminata,Cardiologie,1261
Sarr,Ousmane,Medecine generale,1262
Ba,Cheikh,Gynecologie,1263
Sy,Mamadou,Pediatrie,1264
Diallo,Ousmane,Pediatrie,1265
Gueye,Ousmane,Dermatologie,1266
Fall,Awa,Dermatologie,1267
Sy,Mamadou,Chirurgie,1268
Diallo,Moussa,Gynecologie,1269
Gueye,Ousmane,Cardiologie,1270
Gueye,Moussa,Gynecologie,1271
Sarr,Fatou,Gynecologie,1272
Kane,Cheikh,Chirurgie,1273
Sy,Aminata,Gynecologie,1274
Diop,Mariama,Medecine generale,1275
Diallo,Moussa,Dermatologie,1276
Ndiaye,Ousmane,Cardiologie,1277
Ndiaye,Ibrahima,Pediatrie,1278
Ba,Aminata,Medecine generale,1279
Sow,Ousmane,Pediatrie,1280
Ndiaye,Fatou,Chirurgie,1281
Faye,Aminata,Chirurgie,1282
Ndiaye,Aminata,Medecine generale,1283
Gueye,Fatou,Cardiologie,1284
Faye,Awa,Pediatrie,1285
Fall,Fatou,Cardiologie,1286
Gueye,Mamadou,Chirurgie,1287
Faye,Aminata,Cardiologie,1288
Sy,Ibrahima,Medecine generale,1289
Sow,Abdoulaye,Medecine generale,1290
Sarr,Mamadou,Medecine generale,1291
Faye,Cheikh,Pediatrie,1292
Gueye,Moussa,Cardiologie,1293
Sarr,Khady,Gynecologie,1294
Sarr,Cheikh,Gynecologie,1295
Sarr,Oumar,Gynecologie,1296
Fall,Awa,Cardiologie,1297
Sy,Abdoulaye,Cardiologie,1298
Sarr,Cheikh,Cardiologie,1299
Sy,Ousmane,Chirurgie,1300
Diop,Ousmane,Medecine generale,1301
Ba,Mariama,Pediatrie,1302
Faye,Aminata,Dermatologie,1303
Fall,Awa,Cardiologie,1304
Diallo,Cheikh,Chirurgie,1305
Sow,Ousmane,Pediatrie,1306
Faye,Abdoulaye,Dermatologie,1307
Sarr,Aminata,Dermatologie,1308
Fall,Khady,Chirurgie,1309
Sarr,Cheikh,Cardiologie,1310
Kane,Mariama,Medecine generale,1311
Sarr,Awa,Medecine generale,1312
Diallo,Cheikh,Dermatologie,1313
Diallo,Mamadou,Pediatrie,1314
Kane,Khady,Chirurgie,1315
Fall,Oumar,Medecine generale,1316
Fall,Khady,Medecine generale,1317
Kane,Mariama,Chirurgie,1318
Sow,Mamadou,Gynecologie,1319
Sow,Abdoulaye,Chirurgie,1320
Kane,Oumar,Gynecologie,1321
Fall,Fatou,Gynecologie,1322
Diallo,Cheikh,Cardiologie,1323
Sow,Awa,Chirurgie,1324
Fall,Abdoulaye,Medecine generale,1325
Sow,Ibrahima,Cardiologie,1326
Ba,Oumar,Pediatrie,1327
Sarr,Ibrahima,Dermatologie,1328
Fall,Abdoulaye,Dermatologie,1329
Ba,Aminata,Medecine generale,1330
Diop,Khady,Gynecologie,1331
Sarr,Ibrahima,Cardiologie,1332
Faye,Mamadou,Chirurgie,1333
Gueye,Ibrahima,Pediatrie,1334
Kane,Mariama,Dermatologie,1335
Ndiaye,Oumar,Dermatologie,1336
Sow,Aminata,Medecine generale,1337
Fall,Fatou,Cardiologie,1338
Diallo,Aminata,Pediatrie,1339
Diallo,Mamadou,Cardiologie,1340
Ndiaye,Aminata,Medecine generale,1341
Sow,Cheikh,Medecine generale,1342
Sow,Abdoulaye,Dermatologie,1343
Faye,Mariama,Medecine generale,1344
Ba,Mamadou,Gynecologie,1345
Sy,Awa,Dermatologie,1346
Ba,Khady,Medecine generale,1347
Kane,Cheikh,Medecine generale,1348
Ba,Fatou,Cardiologie,1349
Sarr,Ousmane,Chirurgie,1350
Diop,Oumar,Medecine generale,1351
Ndiaye,Ibrahima,Gynecologie,1352
Kane,Ibrahima,Cardiologie,1353
Faye,Mamadou,Pediatrie,1354
Kane,Mamadou,Chirurgie,1355
Diallo,Cheikh,Pediatrie,1356
Diop,Aminata,Chirurgie,1357
Ndiaye,Ibrahima,Chirurgie,1358
Kane,Moussa,Pediatrie,1359
Sy,Moussa,Cardiologie,1360
Faye,Mariama,Gynecologie,1361
Ndiaye,Ibrahima,Dermatologie,1362
Sow,Mariama,Medecine generale,1363
Fall,Aminata,Medecine generale,1364
Diallo,Moussa,Dermatologie,1365
Fall,Abdoulaye,Dermatologie,1366
Sow,Ousmane,Cardiologie,1367
Diallo,Fatou,Pediatrie,1368
Fall,Fatou,Chirurgie,1369
Gueye,Oumar,Dermatologie,1370
Sy,Aminata,Cardiologie,1371
Diop,Abdoulaye,Pediatrie,1372
Gueye,Ibrahima,Medecine generale,1373
Ba,Fatou,Dermatologie,1374
Gueye,Oumar,Medecine generale,1375
Sow,Abdoulaye,Chirurgie,1376
Fall,Cheikh,Dermatologie,1377
Gueye,Ousmane,Pediatrie,1378
Fall,Fatou,Pediatrie,1379
Diop,Khady,Cardiologie,1380
Sy,Moussa,Pediatrie,1381
Sow,Aminata,Medecine generale,1382
Ndiaye,Fatou,Medecine generale,1383
Sarr,Awa,Dermatologie,1384
Sarr,Cheikh,Pediatrie,1385
Sarr,Fatou,Pediatrie,1386
Diop,Fatou,Medecine generale,1387
Sy,Mamadou,Cardiologie,1388
Gueye,Awa,Chirurgie,1389
Diop,Ousmane,Gynecologie,1390
Diallo,Oumar,Dermatologie,1391
Diop,Abdoulaye,Chirurgie,1392
Sy,Mamadou,Cardiologie,1393
Gueye,Fatou,Medecine generale,1394
Sy,Fatou,Gynecologie,1395
Faye,Mariama,Gynecologie,1396
Ba,Abdoulaye,Gynecologie,1397
Kane,Mariama,Medecine generale,1398
Diop,Cheikh,Pediatrie,1399
Diop,Ousmane,Dermatologie,1400
Fall,Abdoulaye,Cardiologie,1401
Diallo,Mamadou,Pediatrie,1402
Diallo,Mariama,Pediatrie,1403
Fall,Ibrahima,Pediatrie,1404
Faye,Abdoulaye,Chirurgie,1405
Ndiaye,Fatou,Medecine generale,1406
Ndiaye,Aminata,Medecine generale,1407
Ba,Cheikh,Gynecologie,1408
Sy,Cheikh,Medecine generale,1409
Sow,Ibrahima,Pediatrie,1410
Fall,Aminata,Medecine generale,1411
Diop,Cheikh,Gynecologie,1412
Ba,Ibrahima,Medecine generale,1413
Sy,Ousmane,Dermatologie,1414
Ndiaye,Cheikh,Dermatologie,1415
Sow,Khady,Medecine generale,1416
Sow,Cheikh,Cardiologie,1417
Gueye,Cheikh,Chirurgie,1418
Diallo,Khady,Gynecologie,1419
Kane,Oumar,Pediatrie,1420
Sow,Awa,Medecine generale,1421
Kane,Cheikh,Chirurgie,1422
Ndiaye,Mariama,Gynecologie,1423
Diop,Fatou,Pediatrie,1424
Gueye,Moussa,Chirurgie,1425
Sarr,Ibrahima,Medecine generale,1426
Ndiaye,Mamadou,Gynecologie,1427
Diallo,Cheikh,Medecine generale,1428
Gueye,Oumar,Gynecologie,1429
Ndiaye,Awa,Cardiologie,1430
Faye,Cheikh,Dermatologie,1431
Kane,Ibrahima,Gynecologie,1432
Sy,Oumar,Pediatrie,1433
Faye,Oumar,Dermatologie,1434
Diop,Cheikh,Gynecologie,1435
Gueye,Fatou,Dermatologie,1436
Sy,Aminata,Gynecologie,1437
Kane,Ibrahima,Chirurgie,1438
Diop,Mariama,Cardiologie,1439
Faye,Fatou,Gynecologie,1440
Gueye,Aminata,Gynecologie,1441
Sow,Aminata,Gynecologie,1442
Kane,Oumar,Cardiologie,1443
Diop,Awa,Medecine generale,1444
Ba,Oumar,Dermatologie,1445
Sow,Aminata,Pediatrie,1446
Diallo,Moussa,Cardiologie,1447
Sarr,Mamadou,Dermatologie,1448
Diop,Ousmane,Gynecologie,1449
Diop,Fatou,Medecine generale,1450
Sow,Aminata,Chirurgie,1451
Diop,Oumar,Cardiologie,1452
Sow,Oumar,Dermatologie,1453
Ndiaye,Abdoulaye,Gynecologie,1454
Diallo,Khady,Cardiologie,1455
Ba,Aminata,Gynecologie,1456
Gueye,Awa,Medecine generale,1457
Ba,Mariama,Medecine generale,1458
Sow,Ousmane,Chirurgie,1459
Diop,Aminata,Pediatrie,1460
Sow,Cheikh,Medecine generale,1461
Ba,Moussa,Pediatrie,1462
Fall,Fatou,Dermatologie,1463
Ndiaye,Mamadou,Cardiologie,1464
Gueye,Ousmane,Cardiologie,1465
Gueye,Oumar,Cardiologie,1466
Sow,Khady,Cardiologie,1467
Ba,Mariama,Chirurgie,1468
Sarr,Moussa,Pediatrie,1469
Diop,Ousmane,Medecine generale,1470
Ndiaye,Mariama,Dermatologie,1471
Sy,Fatou,Chirurgie,1472
Fall,Oumar,Chirurgie,1473
Ba,Abdoulaye,Medecine generale,1474
Ndiaye,Khady,Pediatrie,1475
Kane,Khady,Pediatrie,1476
Kane,Mamadou,Gynecologie,1477
Sarr,Mamadou,Gynecologie,1478
Diallo,Khady,Gynecologie,1479
Diallo,Ousmane,Gynecologie,1480
Fall,Mamadou,Chirurgie,1481
Sarr,Awa,Pediatrie,1482
Ndiaye,Cheikh,Dermatologie,1483
Ba,Oumar,Gynecologie,1484
Gueye,Oumar,Pediatrie,1485
Sarr,Abdoulaye,Pediatrie,1486
Kane,Fatou,Pediatrie,1487
Fall,Oumar,Dermatologie,1488
Sow,Awa,Dermatologie,1489
Sarr,Mamadou,Cardiologie,1490
Gueye,Ibrahima,Gynecologie,1491
Fall,Mariama,Medecine generale,1492
Kane,Mamadou,Gynecologie,1493
Diallo,Oumar,Cardiologie,1494
Faye,Oumar,Cardiologie,1495
Sow,Awa,Cardiologie,1496
Faye,Khady,Medecine generale,1497
Sow,Moussa,Medecine generale,1498
Ndiaye,Oumar,Dermatologie,1499
Kane,Mamadou,Pediatrie,1500
Sarr,Fatou,Dermatologie,1501
Faye,Aminata,Dermatologie,1502
Ba,Awa,Chirurgie,1503
Ndiaye,Ibrahima,Medecine generale,1504
Gueye,Awa,Gynecologie,1505
Gueye,Ibrahima,Medecine generale,1506
Kane,Awa,Pediatrie,1507
Diop,Awa,Medecine generale,1508
Gueye,Awa,Gynecologie,1509
Diop,Abdoulaye,Chirurgie,1510
Ndiaye,Awa,Medecine generale,1511
Sarr,Awa,Pediatrie,1512
Faye,Fatou,Dermatologie,1513
Diop,Mariama,Medecine generale,1514
Diop,Ousmane,Gynecologie,1515
Sow,Abdoulaye,Medecine generale,1516
Fall,Mariama,Medecine generale,1517
Fall,Fatou,Pediatrie,1518
Ba,Fatou,Medecine generale,1519
Faye,Abdoulaye,Dermatologie,1520
Fall,Mariama,Pediatrie,1521
Ndiaye,Ousmane,Cardiologie,1522
Diallo,Fatou,Chirurgie,1523
Gueye,Mariama,Chirurgie,1524
Kane,Khady,Chirurgie,1525
Gueye,Cheikh,Dermatologie,1526
Ba,Ousmane,Dermatologie,1527
Faye,Awa,Medecine generale,1528
Sow,Ousmane,Pediatrie,1529
Gueye,Ibrahima,Gynecologie,1530
Ba,Cheikh,Cardiologie,1531
Sow,Khady,Gynecologie,1532
Ndiaye,Aminata,Cardiologie,1533
Sarr,Mamadou,Gynecologie,1534
Diop,Fatou,Medecine generale,1535
Sy,Awa,Chirurgie,1536
Sarr,Ousmane,Dermatologie,1537
Diallo,Awa,Dermatologie,1538
Diop,Cheikh,Chirurgie,1539
Gueye,Ibrahima,Cardiologie,1540
Diop,Awa,Gynecologie,1541
Sy,Ousmane,Pediatrie,1542
Diallo,Mamadou,Gynecologie,1543
Sarr,Aminata,Gynecologie,1544
Diallo,Awa,Gynecologie,1545
Faye,Ibrahima,Pediatrie,1546
Fall,Aminata,Pediatrie,1547
Faye,Mamadou,Chirurgie,1548
Sarr,Aminata,Chirurgie,1549
Fall,Cheikh,Dermatologie,1550
Fall,Khady,Dermatologie,1551
Kane,Ousmane,Gynecologie,1552
Sow,Awa,Dermatologie,1553
Sarr,Fatou,Dermatologie,1554
Ndiaye,Aminata,Medecine generale,1555
Gueye,Mamadou,Cardiologie,1556
Gueye,Ousmane,Chirurgie,1557
Diop,Khady,Pediatrie,1558
Diop,Khady,Dermatologie,1559
Kane,Aminata,Medecine generale,1560
Diallo,Ibrahima,Cardiologie,1561
Diop,Awa,Chirurgie,1562
Gueye,Oumar,Chirurgie,1563
Faye,Khady,Dermatologie,1564
Fall,Ibrahima,Cardiologie,1565
Sow,Ousmane,Pediatrie,1566
Sy,Abdoulaye,Cardiologie,1567
Gueye,Ibrahima,Cardiologie,1568
Diallo,Cheikh,Chirurgie,1569
Gueye,Ibrahima,Medecine generale,1570
Kane,Mamadou,Gynecologie,1571
Kane,Awa,Gynecologie,1572
Faye,Abdoulaye,Dermatologie,1573
Faye,Oumar,Chirurgie,1574
Diallo,Awa,Cardiologie,1575
Sow,Abdoulaye,Dermatologie,1576
Diop,Ousmane,Gynecologie,1577
Faye,Awa,Medecine generale,1578
Ba,Awa,Chirurgie,1579
Diop,Moussa,Chirurgie,1580
Sow,Moussa,Gynecologie,1581
Kane,Ousmane,Chirurgie,1582
Sy,Abdoulaye,Gynecologie,1583
Sow,Moussa,Pediatrie,1584
Kane,Ibrahima,Pediatrie,1585
Ba,Cheikh,Chirurgie,1586
Fall,Mariama,Pediatrie,1587
Sarr,Khady,Dermatologie,1588
Ba,Awa,Chirurgie,1589
Ba,Awa,Dermatologie,1590
Diallo,Aminata,Chirurgie,1591
Faye,Fatou,Cardiologie,1592
Kane,Mariama,Gynecologie,1593
Kane,Aminata,Gynecologie,1594
Diallo,Awa,Chirurgie,1595
Diallo,Mamadou,Pediatrie,1596
Ba,Cheikh,Dermatologie,1597
Gueye,Khady,Dermatologie,1598
Sow,Mariama,Cardiologie,1599
Sow,Ibrahima,Chirurgie,1600
Faye,Abdoulaye,Pediatrie,1601
Ba,Moussa,Medecine generale,1602
Kane,Ibrahima,Gynecologie,1603
Diop,Mamadou,Pediatrie,1604
Sow,Aminata,Chirurgie,1605
Kane,Cheikh,Medecine generale,1606
Kane,Oumar,Cardiologie,1607
Diop,Oumar,Medecine generale,1608
Fall,Oumar,Chirurgie,1609
Sow,Fatou,Pediatrie,1610
Faye,Ousmane,Dermatologie,1611
Gueye,Awa,Gynecologie,1612
Diallo,Awa,Medecine generale,1613
Ndiaye,Ousmane,Cardiologie,1614
Faye,Mamadou,Cardiologie,1615
Fall,Oumar,Cardiologie,1616
Ndiaye,Khady,Dermatologie,1617
Diallo,Oumar,Gynecologie,1618
Kane,Oumar,Dermatologie,1619
Kane,Mamadou,Dermatologie,1620
Ba,Ousmane,Medecine generale,1621
Ba,Khady,Chirurgie,1622
Kane,Cheikh,Medecine generale,1623
Ba,Abdoulaye,Dermatologie,1624
Faye,Oumar,Cardiologie,1625
Gueye,Abdoulaye,Medecine generale,1626
Fall,Cheikh,Pediatrie,1627
Sy,Aminata,Medecine generale,1628
Sy,Aminata,Pediatrie,1629
Gueye,Awa,Cardiologie,1630
Sow,Mariama,Dermatologie,1631
Fall,Aminata,Dermatologie,1632
Fall,Aminata,Medecine generale,1633
Diallo,Khady,Pediatrie,1634
Faye,Cheikh,Gynecologie,1635
Faye,Aminata,Gynecologie,1636
Ba,Ibrahima,Cardiologie,1637
Kane,Khady,Dermatologie,1638
Diallo,Aminata,Chirurgie,1639
Sy,Khady,Chirurgie,1640
Sarr,Mariama,Pediatrie,1641
Diop,Ibrahima,Cardiologie,1642
Faye,Awa,Pediatrie,1643
Fall,Mariama,Pediatrie,1644
Sarr,Oumar,Chirurgie,1645
Fall,Oumar,Gynecologie,1646
Sow,Ousmane,Cardiologie,1647
Diallo,Awa,Chirurgie,1648
Sow,Ibrahima,Dermatologie,1649
Kane,Abdoulaye,Medecine generale,1650
Sow,Moussa,Pediatrie,1651
Sy,Oumar,Chirurgie,1652
Sow,Moussa,Gynecologie,1653
Diallo,Ibrahima,Dermatologie,1654
Faye,Ousmane,Chirurgie,1655
Fall,Moussa,Medecine generale,1656
Sarr,Ousmane,Dermatologie,1657
Faye,Abdoulaye,Dermatologie,1658
Faye,Ousmane,Pediatrie,1659
Diallo,Oumar,Medecine generale,1660
Sy,Abdoulaye,Cardiologie,1661
Kane,Awa,Gynecologie,1662
Sow,Awa,Cardiologie,1663
Kane,Mariama,Cardiologie,1664
Diallo,Aminata,Gynecologie,1665
Ndiaye,Aminata,Medecine generale,1666
Diallo,Fatou,Cardiologie,1667
Ba,Awa,Gynecologie,1668
Ba,Awa,Chirurgie,1669
Faye,Mamadou,Cardiologie,1670
Diop,Abdoulaye,Chirurgie,1671
Diallo,Moussa,Pediatrie,1672
Ndiaye,Moussa,Pediatrie,1673
Faye,Ousmane,Cardiologie,1674
Ba,Aminata,Dermatologie,1675
Diop,Awa,Medecine generale,1676
Ndiaye,Aminata,Medecine generale,1677
Faye,Ousmane,Pediatrie,1678
Gueye,Fatou,Medecine generale,1679
Sarr,Oumar,Cardiologie,1680
Gueye,Ibrahima,Medecine generale,1681
Sy,Awa,Medecine generale,1682
Diop,Khady,Medecine generale,1683
Sarr,Mariama,Chirurgie,1684
Fall,Ibrahima,Gynecologie,1685
Gueye,Mariama,Dermatologie,1686
Sow,Fatou,Medecine generale,1687
Gueye,Aminata,Chirurgie,1688
Sarr,Abdoulaye,Gynecologie,1689
Faye,Mamadou,Pediatrie,1690
Sy,Moussa,Gynecologie,1691
Diop,Fatou,Gynecologie,1692
Ndiaye,Cheikh,Pediatrie,1693
Ndiaye,Awa,Pediatrie,1694
Fall,Oumar,Dermatologie,1695
Sarr,Mamadou,Chirurgie,1696
Kane,Moussa,Pediatrie,1697
Diallo,Mariama,Medecine generale,1698
Gueye,Mamadou,Cardiologie,1699
Diallo,Ousmane,Gynecologie,1700
Fall,Mamadou,Cardiologie,1701
Ba,Ousmane,Medecine generale,1702
Fall,Ibrahima,Chirurgie,1703
Ba,Awa,Gynecologie,1704
Ba,Oumar,Dermatologie,1705
Fall,Oumar,Cardiologie,1706
Kane,Mamadou,Dermatologie,1707
Diallo,Cheikh,Pediatrie,1708
Diop,Fatou,Cardiologie,1709
Gueye,Oumar,Cardiologie,1710
Ba,Abdoulaye,Dermatologie,1711
Diallo,Ousmane,Dermatologie,1712
Diallo,Ousmane,Pediatrie,1713
Ba,Moussa,Gynecologie,1714
Faye,Mariama,Gynecologie,1715
Gueye,Khady,Chirurgie,1716
Kane,Mariama,Medecine generale,1717
Gueye,Cheikh,Dermatologie,1718
Faye,Abdoulaye,Pediatrie,1719
Ndiaye,Fatou,Cardiologie,1720
Ba,Ibrahima,Pediatrie,1721
Diallo,Mariama,Dermatologie,1722
Faye,Mariama,Cardiologie,1723
Diop,Mariama,Gynecologie,1724
Fall,Aminata,Gynecologie,1725
Ndiaye,Ibrahima,Cardiologie,1726
Sarr,Awa,Gynecologie,1727
Diallo,Ousmane,Cardiologie,1728
Fall,Ibrahima,Dermatologie,1729
Faye,Fatou,Cardiologie,1730
Faye,Moussa,Gynecologie,1731
Sow,Cheikh,Medecine generale,1732
Sy,Ousmane,Chirurgie,1733
Diallo,Moussa,Pediatrie,1734
Gueye,Aminata,Gynecologie,1735
Kane,Aminata,Cardiologie,1736
Ndiaye,Ibrahima,Cardiologie,1737
Sarr,Mariama,Pediatrie,1738
Sarr,Fatou,Dermatologie,1739
Faye,Cheikh,Medecine generale,1740
Faye,Fatou,Gynecologie,1741
Kane,Moussa,Pediatrie,1742
Ndiaye,Aminata,Pediatrie,1743
Kane,Cheikh,Gynecologie,1744
Fall,Aminata,Medecine generale,1745
Kane,Mariama,Dermatologie,1746
Faye,Oumar,Medecine generale,1747
Diop,Awa,Dermatologie,1748
Ba,Ousmane,Gynecologie,1749
Sy,Cheikh,Cardiologie,1750
Gueye,Mariama,Pediatrie,1751
Fall,Fatou,Gynecologie,1752
Sow,Ousmane,Gynecologie,1753
Kane,Abdoulaye,Gynecologie,1754
Faye,Awa,Dermatologie,1755
Ndiaye,Khady,Chirurgie,1756
Sarr,Cheikh,Gynecologie,1757
Sarr,Aminata,Medecine generale,1758
Gueye,Khady,Medecine generale,1759
Ndiaye,Aminata,Gynecologie,1760
Sarr,Aminata,Chirurgie,1761
Sy,Cheikh,Pediatrie,1762
Kane,Moussa,Medecine generale,1763
Ba,Moussa,Dermatologie,1764
Ndiaye,Mamadou,Cardiologie,1765
Ba,Fatou,Pediatrie,1766
Kane,Mamadou,Pediatrie,1767
Diallo,Oumar,Cardiologie,1768
Ba,Fatou,Pediatrie,1769
Ndiaye,Awa,Dermatologie,1770
Ba,Moussa,Medecine generale,1771
Ba,Mamadou,Medecine generale,1772
Gueye,Moussa,Pediatrie,1773
Sy,Khady,Chirurgie,1774
Ndiaye,Aminata,Dermatologie,1775
Gueye,Mariama,Dermatologie,1776
Kane,Ibrahima,Gynecologie,1777
Gueye,Ibrahima,Cardiologie,1778
Diallo,Awa,Chirurgie,1779
Ba,Moussa,Pediatrie,1780
Ndiaye,Ousmane,Medecine generale,1781
Sow,Mariama,Cardiologie,1782
Sarr,Mariama,Dermatologie,1783
Fall,Oumar,Cardiologie,1784
Ndiaye,Mariama,Chirurgie,1785
Gueye,Mariama,Dermatologie,1786
Gueye,Aminata,Medecine generale,1787
Sow,Aminata,Pediatrie,1788
Ndiaye,Khady,Pediatrie,1789
Diallo,Mariama,Pediatrie,1790
Ba,Oumar,Medecine generale,1791
Diallo,Abdoulaye,Chirurgie,1792
Sy,Awa,Gynecologie,1793
Faye,Ousmane,Pediatrie,1794
Sow,Mamadou,Gynecologie,1795
Ba,Awa,Dermatologie,1796
Sy,Cheikh,Medecine generale,1797
Diop,Awa,Pediatrie,1798
Kane,Mariama,Cardiologie,1799
Sy,Ibrahima,Medecine generale,1800
Diallo,Aminata,Gynecologie,1801
Sow,Cheikh,Chirurgie,1802
Faye,Ousmane,Dermatologie,1803
Faye,Oumar,Gynecologie,1804
Diop,Awa,Cardiologie,1805
Diallo,Khady,Dermatologie,1806
Ndiaye,Cheikh,Pediatrie,1807
Sarr,Ousmane,Dermatologie,1808
Ba,Ousmane,Dermatologie,1809
Sow,Mariama,Pediatrie,1810
Faye,Moussa,Pediatrie,1811
Diop,Oumar,Chirurgie,1812
Ndiaye,Moussa,Cardiologie,1813
Diallo,Aminata,Chirurgie,1814
Kane,Awa,Cardiologie,1815
Faye,Ousmane,Pediatrie,1816
Sy,Moussa,Medecine generale,1817
Diop,Cheikh,Cardiologie,1818
Kane,Moussa,Pediatrie,1819
Ndiaye,Ousmane,Gynecologie,1820
Faye,Ibrahima,Chirurgie,1821
Sow,Moussa,Gynecologie,1822
Sarr,Mamadou,Gynecologie,1823
Ba,Moussa,Dermatologie,1824
Sarr,Khady,Dermatologie,1825
Kane,Oumar,Cardiologie,1826
Diallo,Ousmane,Pediatrie,1827
Gueye,Mariama,Gynecologie,1828
Ndiaye,Ousmane,Gynecologie,1829
Kane,Mariama,Pediatrie,1830
Sarr,Moussa,Chirurgie,1831
Sy,Awa,Medecine generale,1832
Fall,Ibrahima,Dermatologie,1833
Faye,Awa,Dermatologie,1834
Faye,Ousmane,Pediatrie,1835
Sy,Ibrahima,Medecine generale,1836
Diop,Oumar,Medecine generale,1837
Ndiaye,Cheikh,Pediatrie,1838
Gueye,Ousmane,Medecine generale,1839
Gueye,Ibrahima,Dermatologie,1840
Kane,Khady,Cardiologie,1841
Kane,Awa,Pediatrie,1842
Fall,Oumar,Chirurgie,1843
Diop,Fatou,Chirurgie,1844
Gueye,Fatou,Dermatologie,1845
Diallo,Ousmane,Pediatrie,1846
Kane,Mamadou,Gynecologie,1847
Sy,Fatou,Dermatologie,1848
Kane,Abdoulaye,Medecine generale,1849
Kane,Cheikh,Cardiologie,1850
Sy,Ibrahima,Gynecologie,1851
Fall,Cheikh,Dermatologie,1852
Ndiaye,Oumar,Chirurgie,1853
Faye,Khady,Pediatrie,1854
Gueye,Aminata,Medecine generale,1855
Diallo,Abdoulaye,Dermatologie,1856
Diop,Moussa,Medecine generale,1857
Sy,Aminata,Medecine generale,1858
Sow,Awa,Cardiologie,1859
Sy,Aminata,Pediatrie,1860
Diop,Abdoulaye,Cardiologie,1861
Gueye,Aminata,Pediatrie,1862
Fall,Ousmane,Chirurgie,1863
Diop,Abdoulaye,Cardiologie,1864
Ba,Khady,Gynecologie,1865
Ba,Awa,Cardiologie,1866
Kane,Mariama,Cardiologie,1867
Kane,Moussa,Gynecologie,1868
Ndiaye,Mariama,Chirurgie,1869
Faye,Mariama,Cardiologie,1870
Fall,Ibrahima,Pediatrie,1871
Sow,Mariama,Medecine generale,1872
Diallo,Khady,Chirurgie,1873
Kane,Awa,Dermatologie,1874
Ndiaye,Fatou,Medecine generale,1875
Diop,Fatou,Medecine generale,1876
Faye,Fatou,Gynecologie,1877
Fall,Awa,Pediatrie,1878
Diop,Cheikh,Cardiologie,1879
Kane,Abdoulaye,Chirurgie,1880
Sarr,Mamadou,Pediatrie,1881
Sy,Fatou,Pediatrie,1882
Fall,Aminata,Cardiologie,1883
Gueye,Mamadou,Pediatrie,1884
Diop,Ibrahima,Dermatologie,1885
Sow,Aminata,Medecine generale,1886
Sarr,Awa,Cardiologie,1887
Faye,Moussa,Chirurgie,1888
Sow,Aminata,Medecine generale,1889
Sow,Cheikh,Cardiologie,1890
Diallo,Moussa,Pediatrie,1891
Ndiaye,Ousmane,Cardiologie,1892
Diallo,Mariama,Medecine generale,1893
Ba,Moussa,Dermatologie,1894
Diallo,Ibrahima,Gynecologie,1895
Diop,Awa,Dermatologie,1896
Ndiaye,Oumar,Gynecologie,1897
Sy,Moussa,Medecine generale,1898
Diallo,Mariama,Pediatrie,1899
Faye,Ibrahima,Pediatrie,1900
Ba,Fatou,Chirurgie,1901
Ba,Ibrahima,Cardiologie,1902
Diop,Fatou,Pediatrie,1903
Sow,Fatou,Cardiologie,1904
Sow,Ousmane,Medecine generale,1905
Sy,Aminata,Medecine generale,1906
Kane,Cheikh,Chirurgie,1907
Diallo,Oumar,Chirurgie,1908
Sarr,Ibrahima,Gynecologie,1909
Gueye,Moussa,Medecine generale,1910
Faye,Awa,Pediatrie,1911
Sow,Oumar,Cardiologie,1912
Sy,Mariama,Gynecologie,1913
Diallo,Awa,Pediatrie,1914
Faye,Ibrahima,Gynecologie,1915
Sy,Mariama,Pediatrie,1916
Kane,Oumar,Dermatologie,1917
Sow,Moussa,Medecine generale,1918
Gueye,Cheikh,Medecine generale,1919
Ndiaye,Moussa,Pediatrie,1920
Ndiaye,Ousmane,Medecine generale,1921
Sow,Cheikh,Pediatrie,1922
Faye,Ousmane,Pediatrie,1923
Sy,Mamadou,Medecine generale,1924
Ba,Cheikh,Gynecologie,1925
Sarr,Aminata,Gynecologie,1926
Sow,Cheikh,Medecine generale,1927
Ba,Aminata,Chirurgie,1928
Ba,Mariama,Pediatrie,1929
Gueye,Mamadou,Gynecologie,1930
Diop,Abdoulaye,Gynecologie,1931
Diallo,Khady,Dermatologie,1932
Gueye,Ousmane,Dermatologie,1933
Faye,Mariama,Dermatologie,1934
Ndiaye,Cheikh,Cardiologie,1935
Fall,Moussa,Chirurgie,1936
Gueye,Fatou,Gynecologie,1937
Ndiaye,Oumar,Gynecologie,1938
Fall,Oumar,Dermatologie,1939
Sarr,Abdoulaye,Pediatrie,1940
Ba,Cheikh,Pediatrie,1941
Ndiaye,Aminata,Cardiologie,1942
Fall,Fatou,Gynecologie,1943
Faye,Mamadou,Gynecologie,1944
Gueye,Mariama,Gynecologie,1945
Ba,Moussa,Pediatrie,1946
Ndiaye,Awa,Dermatologie,1947
Ndiaye,Mariama,Pediatrie,1948
Gueye,Mamadou,Medecine generale,1949
Ndiaye,Awa,Gynecologie,1950
Diop,Fatou,Gynecologie,1951
Fall,Ibrahima,Pediatrie,1952
Gueye,Awa,Pediatrie,1953
Sarr,Ousmane,Medecine generale,1954
Diallo,Fatou,Medecine generale,1955
Gueye,Ousmane,Pediatrie,1956
Sy,Abdoulaye,Pediatrie,1957
Diallo,Ibrahima,Chirurgie,1958
Sy,Khady,Dermatologie,1959
Kane,Mariama,Pediatrie,1960
Sarr,Ibrahima,Dermatologie,1961
Ba,Abdoulaye,Medecine generale,1962
Ndiaye,Ibrahima,Medecine generale,1963
Sow,Moussa,Gynecologie,1964
Sow,Mamadou,Cardiologie,1965
Diallo,Awa,Gynecologie,1966
Fall,Mamadou,Chirurgie,1967
Fall,Mamadou,Pediatrie,1968
Sarr,Mamadou,Cardiologie,1969
Sow,Moussa,Medecine generale,1970
Sarr,Moussa,Pediatrie,1971
Ndiaye,Oumar,Dermatologie,1972
Diop,Ibrahima,Gynecologie,1973
Ndiaye,Khady,Cardiologie,1974
Ba,Cheikh,Cardiologie,1975
Sow,Oumar,Pediatrie,1976
Sow,Moussa,Medecine generale,1977
Fall,Ibrahima,Medecine generale,1978
Gueye,Mariama,Pediatrie,1979
Sarr,Mariama,Medecine generale,1980
Kane,Moussa,Dermatologie,1981
Faye,Ibrahima,Medecine generale,1982
Ba,Abdoulaye,Dermatologie,1983
Diallo,Abdoulaye,Chirurgie,1984
Sarr,Aminata,Pediatrie,1985
Faye,Abdoulaye,Pediatrie,1986
Diop,Cheikh,Cardiologie,1987
Sarr,Fatou,Chirurgie,1988
Faye,Khady,Chirurgie,1989
Gueye,Mamadou,Pediatrie,1990
Sarr,Awa,Gynecologie,1991
Sy,Abdoulaye,Cardiologie,1992
Ndiaye,Abdoulaye,Medecine generale,1993
Diallo,Ousmane,Cardiologie,1994
Gueye,Mamadou,Gynecologie,1995
Ba,Fatou,Chirurgie,1996
Diallo,Ibrahima,Cardiologie,1997
Sy,Ibrahima,Gynecologie,1998
Fall,Ousmane,Pediatrie,1999
Sarr,Ibrahima,Chirurgie,2000
Sarr,Ibrahima,Gynecologie,2001
Diallo,Mamadou,Chirurgie,2002
Kane,Awa,Gynecologie,2003
Sy,Fatou,Pediatrie,2004
Sow,Awa,Pediatrie,2005
Kane,Cheikh,Dermatologie,2006
Ndiaye,Abdoulaye,Chirurgie,2007
Diallo,Moussa,Chirurgie,2008
Faye,Khady,Chirurgie,2009
Faye,Awa,Pediatrie,2010
Sow,Awa,Chirurgie,2011
Ndiaye,Ibrahima,Medecine generale,2012
Diop,Khady,Gynecologie,2013
Sarr,Oumar,Gynecologie,2014
Ba,Fatou,Medecine generale,2015
Fall,Ibrahima,Gynecologie,2016
Diallo,Ousmane,Gynecologie,2017
Diop,Aminata,Gynecologie,2018
Sy,Fatou,Medecine generale,2019
Ba,Oumar,Chirurgie,2020
Ba,Fatou,Pediatrie,2021
Ndiaye,Abdoulaye,Gynecologie,2022
Sow,Mariama,Medecine generale,2023
Diop,Moussa,Gynecologie,2024
Diop,Cheikh,Gynecologie,2025
Ndiaye,Ousmane,Pediatrie,2026
Gueye,Ousmane,Pediatrie,2027
Fall,Fatou,Cardiologie,2028
Gueye,Oumar,Medecine generale,2029
Sow,Mariama,Medecine generale,2030
Ba,Ibrahima,Gynecologie,2031
Sy,Ousmane,Cardiologie,2032
Kane,Cheikh,Dermatologie,2033
Sow,Ousmane,Dermatologie,2034
Kane,Cheikh,Gynecologie,2035
Ndiaye,Aminata,Pediatrie,2036
Gueye,Mariama,Pediatrie,2037
Gueye,Fatou,Medecine generale,2038
Sy,Abdoulaye,Chirurgie,2039
Diop,Ousmane,Gynecologie,2040
Ba,Mariama,Gynecologie,2041
Ndiaye,Moussa,Gynecologie,2042
Ba,Mamadou,Chirurgie,2043
Sow,Oumar,Dermatologie,2044
Sy,Mariama,Dermatologie,2045
Sow,Mariama,Medecine generale,2046
Sy,Fatou,Chirurgie,2047
Sow,Ibrahima,Chirurgie,2048
Diop,Oumar,Chirurgie,2049
Diallo,Ibrahima,Cardiologie,2050
Ndiaye,Cheikh,Gynecologie,2051
Diallo,Ibrahima,Medecine generale,2052
Fall,Awa,Pediatrie,2053
Gueye,Ousmane,Chirurgie,2054
Gueye,Mariama,Pediatrie,2055
Diallo,Mamadou,Chirurgie,2056
Sow,Fatou,Medecine generale,2057
Sarr,Abdoulaye,Chirurgie,2058
Fall,Fatou,Dermatologie,2059
Diallo,Ousmane,Medecine generale,2060
Sy,Oumar,Cardiologie,2061
Sy,Aminata,Chirurgie,2062
Ndiaye,Moussa,Pediatrie,2063
Gueye,Khady,Pediatrie,2064
Diallo,Mamadou,Chirurgie,2065
Diop,Oumar,Chirurgie,2066
Ndiaye,Mamadou,Chirurgie,2067
Faye,Khady,Pediatrie,2068
Diallo,Mariama,Medecine generale,2069
Kane,Mamadou,Medecine generale,2070
Sy,Khady,Chirurgie,2071
Ndiaye,Cheikh,Pediatrie,2072
Kane,Abdoulaye,Chirurgie,2073
Diallo,Oumar,Pediatrie,2074
Gueye,Abdoulaye,Chirurgie,2075
Diop,Abdoulaye,Medecine generale,2076
Kane,Ousmane,Medecine generale,2077
Sow,Fatou,Dermatologie,2078
Fall,Cheikh,Cardiologie,2079
Fall,Mamadou,Pediatrie,2080
Sow,Cheikh,Dermatologie,2081
Ndiaye,Khady,Medecine generale,2082
Diop,Ibrahima,Gynecologie,2083
Diop,Cheikh,Dermatologie,2084
Sy,Awa,Chirurgie,2085
Fall,Khady,Chirurgie,2086
Sy,Mamadou,Dermatologie,2087
Sarr,Mariama,Medecine generale,2088
Diallo,Cheikh,Gynecologie,2089
Sow,Oumar,Gynecologie,2090
Diop,Moussa,Chirurgie,2091
Diallo,Abdoulaye,Gynecologie,2092
Diallo,Awa,Chirurgie,2093
Sarr,Aminata,Dermatologie,2094
Diallo,Aminata,Gynecologie,2095
Kane,Ousmane,Chirurgie,2096
Kane,Mamadou,Medecine generale,2097
Ba,Fatou,Pediatrie,2098
Sarr,Khady,Dermatologie,2099
Ndiaye,Cheikh,Pediatrie,2100
Gueye,Moussa,Gynecologie,2101
Kane,Abdoulaye,Medecine generale,2102
Kane,Aminata,Chirurgie,2103
Sow,Mamadou,Cardiologie,2104
Sy,Fatou,Gynecologie,2105
Diallo,Ousmane,Pediatrie,2106
Diallo,Ibrahima,Gynecologie,2107
Fall,Cheikh,Medecine generale,2108
Diop,Khady,Chirurgie,2109
Diallo,Fatou,Gynecologie,2110
Faye,Cheikh,Chirurgie,2111
Kane,Fatou,Dermatologie,2112
Kane,Moussa,Medecine generale,2113
Diallo,Ousmane,Medecine generale,2114
Diallo,Mariama,Chirurgie,2115
Ba,Cheikh,Gynecologie,2116
Sow,Awa,Dermatologie,2117
Gueye,Fatou,Medecine generale,2118
Sow,Aminata,Chirurgie,2119
Gueye,Abdoulaye,Pediatrie,2120
Kane,Oumar,Medecine generale,2121
Diallo,Mariama,Cardiologie,2122
Ndiaye,Fatou,Gynecologie,2123
Sarr,Awa,Pediatrie,2124
Fall,Moussa,Dermatologie,2125
Gueye,Abdoulaye,Medecine generale,2126
Diop,Cheikh,Pediatrie,2127
Diop,Fatou,Pediatrie,2128
Sow,Oumar,Pediatrie,2129
Sow,Mamadou,Pediatrie,2130
Ndiaye,Fatou,Pediatrie,2131
Diallo,Aminata,Medecine generale,2132
Diop,Abdoulaye,Chirurgie,2133
Ba,Moussa,Cardiologie,2134
Diallo,Khady,Gynecologie,2135
Ba,Awa,Dermatologie,2136
Faye,Cheikh,Dermatologie,2137
Sy,Fatou,Chirurgie,2138
Diallo,Ibrahima,Chirurgie,2139
Sarr,Fatou,Gynecologie,2140
Kane,Khady,Cardiologie,2141
Faye,Moussa,Gynecologie,2142
Ndiaye,Fatou,Pediatrie,2143
Kane,Oumar,Gynecologie,2144
Faye,Awa,Chirurgie,2145
Gueye,Fatou,Chirurgie,2146
Diop,Oumar,Gynecologie,2147
Fall,Ousmane,Dermatologie,2148
Fall,Moussa,Chirurgie,2149
Diallo,Awa,Gynecologie,2150
Ndiaye,Khady,Medecine generale,2151
Sarr,Khady,Cardiologie,2152
Sy,Ibrahima,Medecine generale,2153
Diallo,Aminata,Cardiologie,2154
Ba,Mamadou,Gynecologie,2155
Fall,Abdoulaye,Gynecologie,2156
Sow,Abdoulaye,Gynecologie,2157
Fall,Ibrahima,Dermatologie,2158
Fall,Moussa,Pediatrie,2159
Faye,Moussa,Pediatrie,2160
Fall,Ousmane,Chirurgie,2161
Diallo,Aminata,Dermatologie,2162
Ba,Ousmane,Gynecologie,2163
Ndiaye,Awa,Pediatrie,2164
Sy,Oumar,Dermatologie,2165
Sow,Khady,Gynecologie,2166
Ba,Ibrahima,Chirurgie,2167
Diallo,Fatou,Pediatrie,2168
Diop,Mamadou,Gynecologie,2169
Sy,Ousmane,Medecine generale,2170
Sow,Abdoulaye,Chirurgie,2171
Faye,Fatou,Medecine generale,2172
Sarr,Mariama,Gynecologie,2173
Sy,Ousmane,Chirurgie,2174
Diallo,Fatou,Medecine generale,2175
Sow,Khady,Chirurgie,2176
Gueye,Mariama,Cardiologie,2177
Kane,Fatou,Gynecologie,2178
Diallo,Aminata,Gynecologie,2179
Sy,Ousmane,Cardiologie,2180
Sarr,Moussa,Medecine generale,2181
Diallo,Ousmane,Pediatrie,2182
Fall,Mamadou,Gynecologie,2183
Sy,Fatou,Gynecologie,2184
Sarr,Ousmane,Chirurgie,2185
Ndiaye,Awa,Chirurgie,2186
Fall,Ousmane,Cardiologie,2187
Sarr,Moussa,Cardiologie,2188
Gueye,Moussa,Gynecologie,2189
Gueye,Mamadou,Chirurgie,2190
Sy,Cheikh,Dermatologie,2191
Gueye,Ibrahima,Chirurgie,2192
Diallo,Moussa,Gynecologie,2193
Sy,Ousmane,Dermatologie,2194
Gueye,Ousmane,Medecine generale,2195
Sarr,Khady,Pediatrie,2196
Kane,Mamadou,Gynecologie,2197
Sow,Khady,Chirurgie,2198
Diallo,Mamadou,Dermatologie,2199
Sarr,Khady,Medecine generale,2200
Ba,Khady,Pediatrie,2201
Diop,Moussa,Medecine generale,2202
Fall,Fatou,Chirurgie,2203
Diop,Ibrahima,Gynecologie,2204
Diallo,Fatou,Medecine generale,2205
Sarr,Mariama,Gynecologie,2206
Sarr,Moussa,Pediatrie,2207
Ba,Awa,Pediatrie,2208
Kane,Moussa,Pediatrie,2209
Diallo,Ibrahima,Gynecologie,2210
Gueye,Khady,Chirurgie,2211
Fall,Oumar,Medecine generale,2212
Diop,Ibrahima,Dermatologie,2213
Diop,Ousmane,Gynecologie,2214
Sy,Aminata,Chirurgie,2215
Diallo,Aminata,Chirurgie,2216
Sarr,Khady,Pediatrie,2217
Fall,Fatou,Gynecologie,2218
Kane,Cheikh,Gynecologie,2219
Diop,Mariama,Cardiologie,2220
Ba,Oumar,Dermatologie,2221
Sy,Khady,Pediatrie,2222
Diallo,Moussa,Pediatrie,2223
Ba,Aminata,Gynecologie,2224
Fall,Awa,Medecine generale,2225
Sy,Ibrahima,Medecine generale,2226
Faye,Fatou,Cardiologie,2227
Sow,Ibrahima,Dermatologie,2228
Diop,Fatou,Chirurgie,2229
Sarr,Oumar,Chirurgie,2230
Faye,Mariama,Dermatologie,2231
Faye,Ousmane,Dermatologie,2232
Diallo,Mamadou,Medecine generale,2233
Fall,Awa,Pediatrie,2234
Kane,Awa,Cardiologie,2235
Ndiaye,Ousmane,Cardiologie,2236
Sy,Moussa,Gynecologie,2237
Fall,Moussa,Gynecologie,2238
Kane,Aminata,Cardiologie,2239
Fall,Awa,Gynecologie,2240
Sarr,Oumar,Dermatologie,2241
Ba,Ousmane,Pediatrie,2242
Sy,Moussa,Medecine generale,2243
Kane,Cheikh,Pediatrie,2244
Sy,Moussa,Pediatrie,2245
Diallo,Moussa,Cardiologie,2246
Diallo,Mariama,Pediatrie,2247
Ndiaye,Oumar,Gynecologie,2248
Sarr,Abdoulaye,Medecine generale,2249
Diallo,Mamadou,Dermatologie,2250
Sarr,Oumar,Pediatrie,2251
Diop,Khady,Cardiologie,2252
Sow,Ousmane,Pediatrie,2253
Faye,Mamadou,Dermatologie,2254
Fall,Oumar,Chirurgie,2255
Faye,Abdoulaye,Gynecologie,2256
Sow,Mamadou,Gynecologie,2257
Ndiaye,Ibrahima,Dermatologie,2258
Diop,Awa,Gynecologie,2259
Faye,Khady,Cardiologie,2260
Sy,Aminata,Chirurgie,2261
Fall,Ousmane,Cardiologie,2262
Fall,Aminata,Chirurgie,2263
Sy,Cheikh,Medecine generale,2264
Kane,Khady,Cardiologie,2265
Sarr,Ibrahima,Dermatologie,2266
Kane,Oumar,Chirurgie,2267
Kane,Cheikh,Medecine generale,2268
Gueye,Fatou,Gynecologie,2269
Sow,Aminata,Gynecologie,2270
Ndiaye,Cheikh,Gynecologie,2271
Ba,Khady,Medecine generale,2272
Diop,Moussa,Medecine generale,2273
Diop,Aminata,Cardiologie,2274
Fall,Khady,Chirurgie,2275
Fall,Aminata,Cardiologie,2276
Ndiaye,Ibrahima,Pediatrie,2277
Sarr,Mariama,Medecine generale,2278
Diop,Oumar,Gynecologie,2279
Ndiaye,Cheikh,Medecine generale,2280
Sow,Abdoulaye,Medecine generale,2281
Diop,Ibrahima,Pediatrie,2282
Ba,Ibrahima,Gynecologie,2283
Kane,Abdoulaye,Gynecologie,2284
Ba,Mariama,Pediatrie,2285
Sy,Mariama,Gynecologie,2286
Fall,Mariama,Pediatrie,2287
Sy,Mariama,Pediatrie,2288
Ba,Cheikh,Chirurgie,2289
Fall,Mariama,Gynecologie,2290
Kane,Aminata,Gynecologie,2291
Fall,Khady,Gynecologie,2292
Ndiaye,Abdoulaye,Medecine generale,2293
Faye,Mamadou,Cardiologie,2294
Sow,Oumar,Cardiologie,2295
Diop,Mariama,Chirurgie,2296
Faye,Khady,Gynecologie,2297
Kane,Ibrahima,Medecine generale,2298
Faye,Ousmane,Cardiologie,2299
Faye,Awa,Chirurgie,2300
Ndiaye,Abdoulaye,Chirurgie,2301
Sy,Khady,Cardiologie,2302
Ndiaye,Mariama,Dermatologie,2303
Fall,Mariama,Pediatrie,2304
Sy,Aminata,Cardiologie,2305
Sy,Ibrahima,Gynecologie,2306
Sow,Ibrahima,Gynecologie,2307
Ba,Mamadou,Pediatrie,2308
Diop,Moussa,Dermatologie,2309
Ba,Cheikh,Pediatrie,2310
Sy,Fatou,Medecine generale,2311
Sarr,Mariama,Chirurgie,2312
Kane,Awa,Pediatrie,2313
Diop,Awa,Cardiologie,2314
Kane,Ibrahima,Medecine generale,2315
Sow,Oumar,Cardiologie,2316
Sy,Khady,Pediatrie,2317
Gueye,Oumar,Dermatologie,2318
Ndiaye,Awa,Chirurgie,2319
Ndiaye,Mamadou,Cardiologie,2320
Diallo,Fatou,Dermatologie,2321
Diop,Khady,Dermatologie,2322
Gueye,Fatou,Pediatrie,2323
Diop,Mariama,Gynecologie,2324
Fall,Moussa,Cardiologie,2325
Fall,Abdoulaye,Gynecologie,2326
Kane,Ibrahima,Medecine generale,2327
Ndiaye,Aminata,Gynecologie,2328
Diallo,Awa,Gynecologie,2329
Ba,Oumar,Cardiologie,2330
Ndiaye,Aminata,Dermatologie,2331
Fall,Fatou,Gynecologie,2332
Faye,Mamadou,Pediatrie,2333
Ba,Mamadou,Cardiologie,2334
Sy,Mamadou,Pediatrie,2335
Ndiaye,Awa,Chirurgie,2336
Diallo,Abdoulaye,Dermatologie,2337
Sy,Aminata,Chirurgie,2338
Gueye,Fatou,Gynecologie,2339
Fall,Ibrahima,Gynecologie,2340
Sy,Awa,Dermatologie,2341
Sow,Cheikh,Medecine generale,2342
Diop,Mamadou,Cardiologie,2343
Kane,Ousmane,Cardiologie,2344
Ba,Mamadou,Gynecologie,2345
Sow,Ousmane,Medecine generale,2346
Ba,Oumar,Pediatrie,2347
Diallo,Abdoulaye,Cardiologie,2348
Fall,Cheikh,Pediatrie,2349
Sow,Cheikh,Chirurgie,2350
Sarr,Mariama,Dermatologie,2351
Sarr,Ibrahima,Chirurgie,2352
Sy,Fatou,Gynecologie,2353
Sarr,Moussa,Gynecologie,2354
Diallo,Aminata,Gynecologie,2355
Sarr,Abdoulaye,Medecine generale,2356
Sy,Fatou,Dermatologie,2357
Fall,Mariama,Medecine generale,2358
Diop,Oumar,Chirurgie,2359
Kane,Mariama,Chirurgie,2360
Diop,Ousmane,Dermatologie,2361
Sy,Fatou,Pediatrie,2362
Ba,Khady,Cardiologie,2363
Diallo,Fatou,Medecine generale,2364
Diallo,Cheikh,Medecine generale,2365
Faye,Cheikh,Gynecologie,2366
Fall,Ibrahima,Cardiologie,2367
Ndiaye,Fatou,Medecine generale,2368
Faye,Mariama,Dermatologie,2369
Faye,Abdoulaye,Cardiologie,2370
Ndiaye,Oumar,Dermatologie,2371
Faye,Abdoulaye,Cardiologie,2372
Ba,Ibrahima,Pediatrie,2373
Sy,Cheikh,Gynecologie,2374
Sow,Ousmane,Dermatologie,2375
Faye,Cheikh,Medecine generale,2376
Sy,Moussa,Gynecologie,2377
Ndiaye,Mamadou,Medecine generale,2378
Diop,Mamadou,Chirurgie,2379
Sy,Oumar,Medecine generale,2380
Ba,Ibrahima,Dermatologie,2381
Diop,Fatou,Medecine generale,2382
Ba,Abdoulaye,Medecine generale,2383
Faye,Ousmane,Cardiologie,2384
Sow,Oumar,Chirurgie,2385
Ndiaye,Ousmane,Gynecologie,2386
Gueye,Awa,Gynecologie,2387
Kane,Mariama,Chirurgie,2388
Ndiaye,Mariama,Cardiologie,2389
Diop,Ousmane,Dermatologie,2390
Ndiaye,Khady,Cardiologie,2391
Ba,Khady,Pediatrie,2392
Ndiaye,Khady,Gynecologie,2393
Kane,Awa,Gynecologie,2394
Sarr,Ousmane,Gynecologie,2395
Faye,Abdoulaye,Cardiologie,2396
Ndiaye,Abdoulaye,Cardiologie,2397
Sarr,Abdoulaye,Medecine generale,2398
Sow,Cheikh,Chirurgie,2399
Faye,Fatou,Medecine generale,2400
Kane,Mariama,Pediatrie,2401
Ndiaye,Oumar,Cardiologie,2402
Diop,Abdoulaye,Medecine generale,2403
Sow,Oumar,Cardiologie,2404
Diop,Mamadou,Pediatrie,2405
Faye,Mariama,Chirurgie,2406
Sow,Khady,Cardiologie,2407
Kane,Moussa,Dermatologie,2408
Ndiaye,Oumar,Dermatologie,2409
Sy,Ibrahima,Gynecologie,2410
Ndiaye,Ibrahima,Cardiologie,2411
Ndiaye,Khady,Pediatrie,2412
Fall,Khady,Dermatologie,2413
Diop,Oumar,Dermatologie,2414
Sy,Oumar,Medecine generale,2415
Gueye,Awa,Chirurgie,2416
Fall,Mamadou,Pediatrie,2417
Sow,Khady,Medecine generale,2418
Sow,Mariama,Cardiologie,2419
Gueye,Moussa,Gynecologie,2420
Diop,Oumar,Pediatrie,2421
Kane,Oumar,Dermatologie,2422
Ndiaye,Fatou,Medecine generale,2423
Ba,Moussa,Chirurgie,2424
Ndiaye,Ousmane,Pediatrie,2425
Ba,Ousmane,Medecine generale,2426
Ba,Ibrahima,Pediatrie,2427
Sow,Moussa,Pediatrie,2428
Ndiaye,Cheikh,Dermatologie,2429
Faye,Moussa,Cardiologie,2430
Sow,Khady,Medecine generale,2431
Sy,Aminata,Gynecologie,2432
Kane,Awa,Gynecologie,2433
Fall,Moussa,Gynecologie,2434
Diallo,Mariama,Dermatologie,2435
Ba,Aminata,Cardiologie,2436
Sow,Mamadou,Pediatrie,2437
Diop,Fatou,Cardiologie,2438
Kane,Abdoulaye,Medecine generale,2439
Ndiaye,Mamadou,Medecine generale,2440
Kane,Moussa,Chirurgie,2441
Sow,Ibrahima,Chirurgie,2442
Sow,Fatou,Dermatologie,2443
Kane,Moussa,Chirurgie,2444
Diallo,Awa,Pediatrie,2445
Ba,Ibrahima,Chirurgie,2446
Gueye,Ousmane,Cardiologie,2447
Fall,Abdoulaye,Chirurgie,2448
Sarr,Ousmane,Medecine generale,2449
Diop,Cheikh,Gynecologie,2450
Ba,Oumar,Medecine generale,2451
Diallo,Cheikh,Chirurgie,2452
Gueye,Fatou,Pediatrie,2453
Faye,Aminata,Gynecologie,2454
Sow,Mariama,Medecine generale,2455
Sarr,Ousmane,Chirurgie,2456
Sarr,Mamadou,Cardiologie,2457
Gueye,Abdoulaye,Chirurgie,2458
Fall,Mamadou,Gynecologie,2459
Fall,Ousmane,Gynecologie,2460
Diallo,Moussa,Chirurgie,2461
Sow,Moussa,Chirurgie,2462
Kane,Khady,Medecine generale,2463
Gueye,Cheikh,Medecine generale,2464
Gueye,Mariama,Chirurgie,2465
Sow,Moussa,Pediatrie,2466
Faye,Cheikh,Chirurgie,2467
Diallo,Awa,Pediatrie,2468
Gueye,Mariama,Dermatologie,2469
Sy,Mamadou,Cardiologie,2470
Sow,Aminata,Cardiologie,2471
Ndiaye,Awa,Gynecologie,2472
Sarr,Aminata,Dermatologie,2473
Sy,Ousmane,Dermatologie,2474
Diop,Mamadou,Medecine generale,2475
Diallo,Moussa,Gynecologie,2476
Ba,Oumar,Cardiologie,2477
Sarr,Awa,Medecine generale,2478
Diop,Mamadou,Dermatologie,2479
Ndiaye,Awa,Dermatologie,2480
Ndiaye,Oumar,Medecine generale,2481
Sow,Awa,Dermatologie,2482
Ba,Abdoulaye,Cardiologie,2483
Ndiaye,Aminata,Chirurgie,2484
Ndiaye,Moussa,Dermatologie,2485
Ba,Mariama,Dermatologie,2486
Kane,Cheikh,Dermatologie,2487
Ba,Ousmane,Cardiologie,2488
Sy,Fatou,Cardiologie,2489
Ndiaye,Mamadou,Gynecologie,2490
Diop,Awa,Chirurgie,2491
Diallo,Fatou,Chirurgie,2492
Faye,Aminata,Pediatrie,2493
Sy,Awa,Cardiologie,2494
Sarr,Ibrahima,Pediatrie,2495
Sy,Abdoulaye,Chirurgie,2496
Ndiaye,Mamadou,Dermatologie,2497
Diallo,Ousmane,Cardiologie,2498
Kane,Moussa,Gynecologie,2499
Sow,Moussa,Medecine generale,2500
Gueye,Fatou,Chirurgie,2501
Ndiaye,Awa,Medecine generale,2502
Diallo,Khady,Cardiologie,2503
Gueye,Cheikh,Medecine generale,2504
Ndiaye,Ibrahima,Dermatologie,2505
Faye,Moussa,Pediatrie,2506
Gueye,Awa,Pediatrie,2507
Fall,Ousmane,Dermatologie,2508
Ndiaye,Ousmane,Gynecologie,2509
Diallo,Awa,Gynecologie,2510
Faye,Mariama,Cardiologie,2511
Sy,Ousmane,Dermatologie,2512
Fall,Mariama,Chirurgie,2513
Kane,Abdoulaye,Cardiologie,2514
Gueye,Awa,Dermatologie,2515
Diallo,Aminata,Cardiologie,2516
Sow,Ibrahima,Pediatrie,2517
Kane,Fatou,Chirurgie,2518
Sarr,Mariama,Gynecologie,2519
Sy,Ibrahima,Cardiologie,2520
Ba,Mamadou,Dermatologie,2521
Sow,Oumar,Gynecologie,2522
Kane,Khady,Pediatrie,2523
Sow,Awa,Pediatrie,2524
Faye,Mariama,Cardiologie,2525
Ba,Ibrahima,Dermatologie,2526
Diop,Ousmane,Pediatrie,2527
Faye,Mamadou,Medecine generale,2528
Sy,Oumar,Chirurgie,2529
Kane,Oumar,Dermatologie,2530
Sow,Khady,Cardiologie,2531
Sarr,Mariama,Chirurgie,2532
Sy,Mariama,Chirurgie,2533
Kane,Cheikh,Gynecologie,2534
Sy,Khady,Dermatologie,2535
Sarr,Fatou,Pediatrie,2536
Kane,Abdoulaye,Chirurgie,2537
Sy,Ibrahima,Dermatologie,2538
Gueye,Fatou,Gynecologie,2539
Sy,Mamadou,Chirurgie,2540
Diop,Abdoulaye,Medecine generale,2541
Faye,Aminata,Dermatologie,2542
Sow,Ousmane,Dermatologie,2543
Diop,Ousmane,Cardiologie,2544
Kane,Aminata,Medecine generale,2545
Faye,Mamadou,Gynecologie,2546
Fall,Awa,Dermatologie,2547
Kane,Moussa,Medecine generale,2548
Fall,Mamadou,Chirurgie,2549
Gueye,Mariama,Chirurgie,2550
Fall,Oumar,Chirurgie,2551
Diallo,Moussa,Pediatrie,2552
Sow,Fatou,Medecine generale,2553
Ndiaye,Khady,Gynecologie,2554
Ba,Abdoulaye,Gynecologie,2555
Diallo,Cheikh,Dermatologie,2556
Fall,Mariama,Pediatrie,2557
Faye,Cheikh,Pediatrie,2558
Ndiaye,Cheikh,Medecine generale,2559
Sy,Moussa,Pediatrie,2560
Faye,Mamadou,Gynecologie,2561
Sy,Fatou,Dermatologie,2562
Sy,Cheikh,Cardiologie,2563
Sarr,Mariama,Medecine generale,2564
Sow,Ibrahima,Pediatrie,2565
Gueye,Khady,Gynecologie,2566
Ndiaye,Mamadou,Cardiologie,2567
Sy,Mariama,Cardiologie,2568
Gueye,Aminata,Pediatrie,2569
Kane,Awa,Pediatrie,2570
Fall,Moussa,Medecine generale,2571
Diallo,Mariama,Gynecologie,2572
Sy,Mariama,Gynecologie,2573
Diop,Oumar,Cardiologie,2574
Faye,Mariama,Medecine generale,2575
Sarr,Mariama,Medecine generale,2576
Ndiaye,Mariama,Cardiologie,2577
Fall,Abdoulaye,Dermatologie,2578
Faye,Khady,Pediatrie,2579
Kane,Ibrahima,Chirurgie,2580
Diallo,Khady,Medecine generale,2581
Diallo,Ibrahima,Cardiologie,2582
Fall,Oumar,Medecine generale,2583
Faye,Mariama,Cardiologie,2584
Gueye,Cheikh,Gynecologie,2585
Sarr,Mariama,Medecine generale,2586
Sow,Khady,Cardiologie,2587
Faye,Ibrahima,Gynecologie,2588
Kane,Awa,Pediatrie,2589
Ba,Mamadou,Pediatrie,2590
Diallo,Abdoulaye,Pediatrie,2591
Sarr,Fatou,Chirurgie,2592
Kane,Mamadou,Dermatologie,2593
Diallo,Moussa,Dermatologie,2594
Ndiaye,Mariama,Cardiologie,2595
Kane,Mariama,Gynecologie,2596
Kane,Aminata,Gynecologie,2597
Diop,Mariama,Cardiologie,2598
Diallo,Fatou,Chirurgie,2599
Ndiaye,Abdoulaye,Cardiologie,2600
Fall,Khady,Chirurgie,2601
Ba,Cheikh,Dermatologie,2602
Ndiaye,Awa,Chirurgie,2603
Ba,Ousmane,Cardiologie,2604
Kane,Oumar,Medecine generale,2605
Sarr,Awa,Pediatrie,2606
Sy,Oumar,Gynecologie,2607
Sarr,Ibrahima,Chirurgie,2608
Faye,Mamadou,Chirurgie,2609
Faye,Cheikh,Medecine generale,2610
Fall,Fatou,Chirurgie,2611
Kane,Ibrahima,Gynecologie,2612
Sarr,Khady,Dermatologie,2613
Ba,Aminata,Chirurgie,2614
Gueye,Mariama,Medecine generale,2615
Faye,Mamadou,Cardiologie,2616
Sy,Moussa,Gynecologie,2617
Fall,Ousmane,Pediatrie,2618
Diallo,Moussa,Gynecologie,2619
Kane,Oumar,Chirurgie,2620
Faye,Aminata,Gynecologie,2621
Sarr,Fatou,Medecine generale,2622
Sarr,Moussa,Gynecologie,2623
Sy,Moussa,Pediatrie,2624
Kane,Ousmane,Pediatrie,2625
Gueye,Mariama,Cardiologie,2626
Diop,Cheikh,Pediatrie,2627
Sarr,Oumar,Dermatologie,2628
Gueye,Khady,Chirurgie,2629
Fall,Awa,Cardiologie,2630
Diop,Abdoulaye,Medecine generale,2631
Sarr,Cheikh,Cardiologie,2632
Ndiaye,Moussa,Chirurgie,2633
Sarr,Khady,Pediatrie,2634
Ba,Awa,Gynecologie,2635
Faye,Ibrahima,Chirurgie,2636
Diallo,Oumar,Gynecologie,2637
Ba,Ibrahima,Dermatologie,2638
Sow,Aminata,Medecine generale,2639
Fall,Aminata,Gynecologie,2640
Sy,Abdoulaye,Gynecologie,2641
Gueye,Khady,Dermatologie,2642
Ba,Khady,Dermatologie,2643
Kane,Oumar,Gynecologie,2644
Sarr,Awa,Medecine generale,2645
Sarr,Ousmane,Dermatologie,2646
Kane,Khady,Dermatologie,2647
Kane,Ibrahima,Medecine generale,2648
Faye,Oumar,Dermatologie,2649
Ba,Mariama,Chirurgie,2650
Kane,Ibrahima,Gynecologie,2651
Diop,Abdoulaye,Pediatrie,2652
Kane,Ousmane,Cardiologie,2653
Ba,Oumar,Gynecologie,2654
Gueye,Khady,Medecine generale,2655
Sy,Ibrahima,Medecine generale,2656
Sy,Aminata,Medecine generale,2657
Ba,Ousmane,Medecine generale,2658
Fall,Awa,Dermatologie,2659
Gueye,Fatou,Gynecologie,2660
Ndiaye,Ibrahima,Chirurgie,2661
Ba,Ibrahima,Pediatrie,2662
Kane,Ibrahima,Pediatrie,2663
Fall,Cheikh,Dermatologie,2664
Ndiaye,Mariama,Medecine generale,2665
Diallo,Fatou,Cardiologie,2666
Diallo,Oumar,Cardiologie,2667
Gueye,Oumar,Cardiologie,2668
Diop,Mamadou,Dermatologie,2669
Diop,Cheikh,Dermatologie,2670
Diop,Mariama,Pediatrie,2671
Sow,Mamadou,Cardiologie,2672
Sow,Abdoulaye,Pediatrie,2673
Fall,Aminata,Medecine generale,2674
Gueye,Khady,Chirurgie,2675
Gueye,Mamadou,Medecine generale,2676
Sow,Ousmane,Medecine generale,2677
Diallo,Mamadou,Chirurgie,2678
Diallo,Mamadou,Cardiologie,2679
Sarr,Mariama,Medecine generale,2680
Faye,Moussa,Chirurgie,2681
Gueye,Moussa,Pediatrie,2682
Diallo,Mamadou,Chirurgie,2683
Gueye,Cheikh,Pediatrie,2684
Kane,Moussa,Chirurgie,2685
Sarr,Oumar,Chirurgie,2686
Ndiaye,Fatou,Cardiologie,2687
Ndiaye,Khady,Dermatologie,2688
Gueye,Abdoulaye,Cardiologie,2689
Kane,Ibrahima,Pediatrie,2690
Diop,Awa,Pediatrie,2691
Diallo,Aminata,Cardiologie,2692
Kane,Awa,Medecine generale,2693
Ndiaye,Moussa,Cardiologie,2694
Sy,Cheikh,Chirurgie,2695
Gueye,Ibrahima,Dermatologie,2696
Kane,Fatou,Medecine generale,2697
Ndiaye,Mariama,Chirurgie,2698
Sow,Moussa,Medecine generale,2699
Diallo,Oumar,Medecine generale,2700
Sow,Mamadou,Chirurgie,2701
Sow,Aminata,Chirurgie,2702
Sow,Moussa,Chirurgie,2703
Sarr,Ousmane,Pediatrie,2704
Sy,Fatou,Gynecologie,2705
Faye,Cheikh,Medecine generale,2706
Gueye,Mariama,Gynecologie,2707
Sy,Abdoulaye,Cardiologie,2708
Gueye,Fatou,Gynecologie,2709
Diop,Abdoulaye,Pediatrie,2710
Ndiaye,Ibrahima,Chirurgie,2711
Faye,Mamadou,Cardiologie,2712
Sarr,Mamadou,Dermatologie,2713
Ba,Mariama,Cardiologie,2714
Fall,Mariama,Gynecologie,2715
Ba,Cheikh,Gynecologie,2716
Gueye,Mariama,Gynecologie,2717
Gueye,Abdoulaye,Cardiologie,2718
Sarr,Cheikh,Gynecologie,2719
Ba,Ousmane,Cardiologie,2720
Diallo,Fatou,Medecine generale,2721
Ndiaye,Ibrahima,Dermatologie,2722
Diop,Fatou,Dermatologie,2723
Diop,Khady,Medecine generale,2724
Sow,Mariama,Gynecologie,2725
Diop,Ibrahima,Cardiologie,2726
Kane,Cheikh,Medecine generale,2727
Sy,Aminata,Cardiologie,2728
Ndiaye,Mamadou,Pediatrie,2729
Sy,Ibrahima,Dermatologie,2730
Diallo,Ousmane,Chirurgie,2731
Sy,Khady,Cardiologie,2732
Diallo,Ibrahima,Cardiologie,2733
Fall,Ibrahima,Cardiologie,2734
Faye,Ousmane,Gynecologie,2735
Fall,Aminata,Gynecologie,2736
Diallo,Mariama,Dermatologie,2737
Sy,Mamadou,Dermatologie,2738
Gueye,Ibrahima,Medecine generale,2739
Ndiaye,Aminata,Gynecologie,2740
Faye,Abdoulaye,Cardiologie,2741
Sy,Ibrahima,Pediatrie,2742
Faye,Oumar,Cardiologie,2743
Sarr,Oumar,Pediatrie,2744
Diallo,Oumar,Pediatrie,2745
Fall,Mariama,Dermatologie,2746
Sy,Oumar,Gynecologie,2747
Gueye,Ousmane,Cardiologie,2748
Gueye,Ibrahima,Medecine generale,2749
Sow,Fatou,Cardiologie,2750
Kane,Fatou,Cardiologie,2751
Kane,Cheikh,Medecine generale,2752
Ba,Mamadou,Dermatologie,2753
Diallo,Abdoulaye,Chirurgie,2754
Gueye,Fatou,Cardiologie,2755
Kane,Moussa,Pediatrie,2756
Faye,Mamadou,Pediatrie,2757
Diop,Ibrahima,Dermatologie,2758
Sy,Fatou,Chirurgie,2759
Sow,Ousmane,Dermatologie,2760
Ba,Cheikh,Medecine generale,2761
Fall,Ousmane,Gynecologie,2762
Sow,Mariama,Pediatrie,2763
Diop,Mamadou,Cardiologie,2764
Sow,Oumar,Gynecologie,2765
Sy,Ibrahima,Medecine generale,2766
Sarr,Ibrahima,Chirurgie,2767
Ndiaye,Mariama,Pediatrie,2768
Ndiaye,Fatou,Pediatrie,2769
Fall,Ousmane,Chirurgie,2770
Ba,Abdoulaye,Gynecologie,2771
Diallo,Oumar,Medecine generale,2772
Diallo,Mariama,Dermatologie,2773
Sarr,Mamadou,Dermatologie,2774
Ba,Awa,Cardiologie,2775
Faye,Ousmane,Cardiologie,2776
Diallo,Khady,Chirurgie,2777
Diop,Abdoulaye,Cardiologie,2778
Fall,Ibrahima,Cardiologie,2779
Sy,Khady,Chirurgie,2780
Sow,Mamadou,Dermatologie,2781
Kane,Ibrahima,Chirurgie,2782
Diop,Oumar,Dermatologie,2783
Ba,Abdoulaye,Chirurgie,2784
Diallo,Oumar,Medecine generale,2785
Sy,Fatou,Cardiologie,2786
Ndiaye,Moussa,Dermatologie,2787
Sow,Ousmane,Medecine generale,2788
Ndiaye,Awa,Cardiologie,2789
Faye,Oumar,Gynecologie,2790
Faye,Mariama,Chirurgie,2791
Sy,Ousmane,Medecine generale,2792
Gueye,Ousmane,Medecine generale,2793
Sow,Khady,Chirurgie,2794
Sy,Cheikh,Chirurgie,2795
Fall,Cheikh,Cardiologie,2796
Sarr,Mariama,Dermatologie,2797
Sow,Mamadou,Dermatologie,2798
Sow,Ousmane,Dermatologie,2799
Sy,Abdoulaye,Cardiologie,2800
Fall,Mamadou,Pediatrie,2801
Kane,Oumar,Dermatologie,2802
Faye,Khady,Chirurgie,2803
Sarr,Oumar,Gynecologie,2804
Ndiaye,Fatou,Medecine generale,2805
Ndiaye,Ousmane,Medecine generale,2806
Ba,Ousmane,Dermatologie,2807
Gueye,Fatou,Medecine generale,2808
Ba,Abdoulaye,Pediatrie,2809
Sarr,Ibrahima,Gynecologie,2810
Ba,Aminata,Cardiologie,2811
Kane,Ousmane,Chirurgie,2812
Gueye,Awa,Medecine generale,2813
Sarr,Ousmane,Medecine generale,2814
Ndiaye,Abdoulaye,Medecine generale,2815
Ndiaye,Abdoulaye,Medecine generale,2816
Faye,Mariama,Cardiologie,2817
Sarr,Mamadou,Chirurgie,2818
Diop,Aminata,Gynecologie,2819
Fall,Mamadou,Pediatrie,2820
Diallo,Oumar,Chirurgie,2821
Kane,Mariama,Cardiologie,2822
Ba,Ibrahima,Dermatologie,2823
Diallo,Ousmane,Chirurgie,2824
Kane,Cheikh,Cardiologie,2825
Fall,Abdoulaye,Pediatrie,2826
Diop,Fatou,Cardiologie,2827
Faye,Mariama,Gynecologie,2828
Gueye,Moussa,Cardiologie,2829
Ba,Aminata,Medecine generale,2830
Faye,Khady,Cardiologie,2831
Ndiaye,Ousmane,Pediatrie,2832
Ndiaye,Ousmane,Gynecologie,2833
Ba,Fatou,Chirurgie,2834
Sarr,Moussa,Medecine generale,2835
Sy,Cheikh,Medecine generale,2836
Faye,Moussa,Medecine generale,2837
Diop,Oumar,Pediatrie,2838
Sarr,Ibrahima,Cardiologie,2839
Kane,Aminata,Medecine generale,2840
Ba,Mariama,Cardiologie,2841
Diop,Moussa,Chirurgie,2842
Diallo,Ibrahima,Medecine generale,2843
Faye,Cheikh,Chirurgie,2844
Kane,Moussa,Gynecologie,2845
Faye,Ousmane,Pediatrie,2846
Diop,Fatou,Medecine generale,2847
Diallo,Ousmane,Medecine generale,2848
Ba,Awa,Medecine generale,2849
Sow,Mariama,Medecine generale,2850
Ndiaye,Mariama,Chirurgie,2851
Ba,Cheikh,Gynecologie,2852
Kane,Ousmane,Gynecologie,2853
Ndiaye,Mariama,Gynecologie,2854
Faye,Aminata,Cardiologie,2855
Ndiaye,Cheikh,Gynecologie,2856
Diallo,Mariama,Pediatrie,2857
Sy,Mariama,Cardiologie,2858
Faye,Ousmane,Dermatologie,2859
Gueye,Ibrahima,Medecine generale,2860
Ba,Khady,Dermatologie,2861
Faye,Mamadou,Cardiologie,2862
Gueye,Fatou,Dermatologie,2863
Sy,Aminata,Medecine generale,2864
Ndiaye,Mariama,Chirurgie,2865
Fall,Khady,Gynecologie,2866
Sow,Awa,Pediatrie,2867
Diallo,Cheikh,Pediatrie,2868
Gueye,Ibrahima,Medecine generale,2869
Ndiaye,Moussa,Chirurgie,2870
Ndiaye,Fatou,Gynecologie,2871
Kane,Aminata,Medecine generale,2872
Sarr,Mamadou,Gynecologie,2873
Gueye,Oumar,Gynecologie,2874
Ndiaye,Aminata,Gynecologie,2875
Sy,Aminata,Pediatrie,2876
Gueye,Mariama,Chirurgie,2877
Diop,Aminata,Chirurgie,2878
Kane,Fatou,Cardiologie,2879
Ndiaye,Ibrahima,Medecine generale,2880
Sow,Mamadou,Dermatologie,2881
Gueye,Cheikh,Medecine generale,2882
Kane,Ousmane,Pediatrie,2883
Gueye,Moussa,Chirurgie,2884
Ndiaye,Aminata,Medecine generale,2885
Ba,Mariama,Cardiologie,2886
Ndiaye,Moussa,Gynecologie,2887
Faye,Khady,Gynecologie,2888
Kane,Ibrahima,Dermatologie,2889
Kane,Cheikh,Pediatrie,2890
Diop,Aminata,Medecine generale,2891
Ndiaye,Cheikh,Gynecologie,2892
Ba,Awa,Chirurgie,2893
Diallo,Abdoulaye,Cardiologie,2894
Diallo,Moussa,Cardiologie,2895
Diop,Ibrahima,Chirurgie,2896
Fall,Mariama,Pediatrie,2897
Fall,Ousmane,Gynecologie,2898
Sarr,Mariama,Dermatologie,2899
Sy,Ousmane,Chirurgie,2900
Fall,Abdoulaye,Cardiologie,2901
Gueye,Awa,Cardiologie,2902
Faye,Khady,Pediatrie,2903
Sarr,Moussa,Dermatologie,2904
Ndiaye,Khady,Gynecologie,2905
Kane,Abdoulaye,Pediatrie,2906
Sy,Aminata,Dermatologie,2907
Sy,Abdoulaye,Pediatrie,2908
Gueye,Mariama,Chirurgie,2909
Ndiaye,Fatou,Dermatologie,2910
Ba,Mamadou,Chirurgie,2911
Fall,Cheikh,Chirurgie,2912
Kane,Abdoulaye,Gynecologie,2913
Gueye,Mamadou,Dermatologie,2914
Faye,Ousmane,Gynecologie,2915
Diallo,Moussa,Gynecologie,2916
Sy,Abdoulaye,Medecine generale,2917
Ndiaye,Fatou,Dermatologie,2918
Faye,Ousmane,Medecine generale,2919
Diop,Awa,Dermatologie,2920
Ba,Ousmane,Cardiologie,2921
Ndiaye,Ousmane,Dermatologie,2922
Kane,Fatou,Chirurgie,2923
Sy,Ibrahima,Medecine generale,2924
Kane,Oumar,Pediatrie,2925
Kane,Abdoulaye,Gynecologie,2926
Gueye,Mamadou,Dermatologie,2927
Sow,Oumar,Cardiologie,2928
Faye,Abdoulaye,Cardiologie,2929
Fall,Ousmane,Dermatologie,2930
Ndiaye,Mamadou,Pediatrie,2931
Ba,Abdoulaye,Dermatologie,2932
Diop,Oumar,Cardiologie,2933
Ndiaye,Ibrahima,Cardiologie,2934
Ba,Abdoulaye,Gynecologie,2935
Ba,Ibrahima,Gynecologie,2936
Sy,Mariama,Chirurgie,2937
Diallo,Mamadou,Gynecologie,2938
Ba,Mamadou,Pediatrie,2939
Faye,Awa,Dermatologie,2940
Sy,Abdoulaye,Pediatrie,2941
Sow,Abdoulaye,Chirurgie,2942
Faye,Cheikh,Gynecologie,2943
Gueye,Khady,Chirurgie,2944
Ndiaye,Ousmane,Medecine generale,2945
Faye,Fatou,Medecine generale,2946
Sy,Cheikh,Medecine generale,2947
Diop,Oumar,Chirurgie,2948
Ba,Ousmane,Chirurgie,2949
Faye,Awa,Gynecologie,2950
Ndiaye,Ousmane,Gynecologie,2951
Sy,Ibrahima,Dermatologie,2952
Diallo,Mamadou,Chirurgie,2953
Faye,Moussa,Cardiologie,2954
Faye,Ousmane,Medecine generale,2955
Ba,Awa,Cardiologie,2956
Sarr,Khady,Medecine generale,2957
Gueye,Ousmane,Cardiologie,2958
Sy,Oumar,Dermatologie,2959
Faye,Mariama,Medecine generale,2960
Sarr,Khady,Dermatologie,2961
Gueye,Moussa,Medecine generale,2962
Diop,Ibrahima,Gynecologie,2963
Sow,Abdoulaye,Pediatrie,2964
Sow,Moussa,Gynecologie,2965
Sy,Ibrahima,Dermatologie,2966
Diop,Cheikh,Cardiologie,2967
Ndiaye,Cheikh,Pediatrie,2968
Faye,Fatou,Cardiologie,2969
Diop,Ibrahima,Gynecologie,2970
Ba,Aminata,Gynecologie,2971
Kane,Cheikh,Medecine generale,2972
Fall,Cheikh,Medecine generale,2973
Sow,Moussa,Gynecologie,2974
Ndiaye,Awa,Chirurgie,2975
Kane,Cheikh,Chirurgie,2976
Ndiaye,Awa,Gynecologie,2977
Sow,Ousmane,Cardiologie,2978
Kane,Mariama,Cardiologie,2979
Sarr,Moussa,Chirurgie,2980
Sow,Mamadou,Dermatologie,2981
Ba,Fatou,Cardiologie,2982
Fall,Cheikh,Chirurgie,2983
Sow,Abdoulaye,Chirurgie,2984
Faye,Fatou,Dermatologie,2985
Faye,Fatou,Dermatologie,2986
Sow,Ibrahima,Medecine generale,2987
Fall,Mamadou,Medecine generale,2988
Diop,Fatou,Cardiologie,2989
Ndiaye,Cheikh,Dermatologie,2990
Gueye,Oumar,Chirurgie,2991
Sow,Ousmane,Dermatologie,2992
Diallo,Oumar,Chirurgie,2993
Sow,Fatou,Dermatologie,2994
Faye,Mamadou,Pediatrie,2995
Ndiaye,Mariama,Cardiologie,2996
Diop,Moussa,Chirurgie,2997
Gueye,Moussa,Dermatologie,2998
Ba,Khady,Pediatrie,2999
Diop,Ibrahima,Chirurgie,3000
